,Yemilves,Piniesia,Alizia,Honcejonia,Alos,Pervanupia,Antiochria,Carene,Ciloechia,Pilis,Isujsia,Otevmaa,Vakmokmaa,Monzalena,Salia,Palaripmaa,Niksia,Kiszaujdia,Mapa,Sasgauteria,Aklia,Ervelia,Joenpalia,Drorodia,Poratia,Agaranchia,Amegioneria,Kubutia,Comberia,Porvisia,Nuvusla,Tulpenmaa,Manylmaa,Maglarkad,Torok,Jorvi,Newburia,Hornrithia,Hapia,Morvania,Kanamasmaa,Frascia,Olanuecia,Belarate,Galanagia,Fabretria,Karala,Pithus,Bainosia,Kanvaho,South,Velekia,Camedinia,Heipuhia,Solia,Sokia,Golyn,Ipususia,Segenland,Mstia,Lahmaa,Sanselia,Feland,Chythus,Wargdon,Carduenia,Ininia,Belcanolia,Moriz,Romnyia,Dmitnia,Pentefland,Macking,Kisia,Lympscomia,Hajala,Kalmaa,Guhaufin,Agria,Nivesina,Coliniasia,Kismiz,Szendhia,Pergonia,Marolania,Todtia,Kulmaa,Iolesia,Paign,Castroria,Maururmaa,Marloncigia,Pilesia,Napenta,Tyridyria,Vetia,Kylmaa,Kaskia,Maldismaa
Yemilves,x,Friendly,Ally,Ally,Neutral,Ally,Friendly,Suspicion,Ally,Unknown,Unknown,Ally,Friendly,Suspicion,Ally,Ally,Neutral,Neutral,Ally,Suspicion,Unknown,Unknown,Friendly,Neutral,Neutral,Ally,Neutral,Neutral,Neutral,Unknown,Unknown,Ally,Ally,Suspicion,Neutral,Ally,Unknown,Neutral,Unknown,Unknown,Unknown,Ally,Friendly,Neutral,Neutral,Unknown,Ally,Neutral,Ally,Unknown,Neutral,Neutral,Neutral,Unknown,Neutral,Ally,Ally,Unknown,Neutral,Suspicion,Unknown,Neutral,Suspicion,Unknown,Neutral,Ally,Ally,Neutral,Neutral,Neutral,Neutral,Neutral,Neutral,Ally,Neutral,Neutral,Neutral,Unknown,Neutral,Unknown,Ally,Suspicion,Suspicion,Unknown,Neutral,Neutral,Neutral,Neutral,Neutral,Neutral,Neutral,Neutral,Ally,Neutral,Unknown,Ally,Neutral,Neutral,Neutral
Piniesia,Friendly,x,Suspicion,Suspicion,Enemy,Neutral,Neutral,Ally,Friendly,Neutral,Neutral,Suspicion,Friendly,Neutral,Friendly,Suspicion,Enemy,Neutral,Suspicion,Unknown,Neutral,Ally,Friendly,Friendly,Suspicion,Enemy,Suspicion,Neutral,Suspicion,Neutral,Neutral,Suspicion,Neutral,Neutral,Neutral,Neutral,Suspicion,Unknown,Neutral,Unknown,Neutral,Neutral,Enemy,Neutral,Unknown,Unknown,Neutral,Unknown,Suspicion,Neutral,Neutral,Neutral,Enemy,Neutral,Unknown,Neutral,Neutral,Neutral,Neutral,Neutral,Neutral,Unknown,Neutral,Neutral,Unknown,Suspicion,Suspicion,Neutral,Neutral,Neutral,Neutral,Unknown,Neutral,Neutral,Unknown,Unknown,Neutral,Suspicion,Unknown,Friendly,Neutral,Neutral,Neutral,Neutral,Neutral,Neutral,Neutral,Neutral,Unknown,Neutral,Neutral,Neutral,Suspicion,Neutral,Enemy,Neutral,Unknown,Unknown,Unknown
Alizia,Ally,Suspicion,x,Suzerain,Suspicion,Friendly,Ally,Ally,Neutral,Enemy,Neutral,Suzerain,Friendly,Neutral,Ally,Suzerain,Friendly,Unknown,Suzerain,Neutral,Ally,Neutral,Ally,Unknown,Friendly,Friendly,Unknown,Unknown,Unknown,Neutral,Neutral,Suzerain,Neutral,Ally,Unknown,Friendly,Unknown,Neutral,Suspicion,Suspicion,Ally,Friendly,Friendly,Unknown,Neutral,Suspicion,Friendly,Neutral,Suzerain,Neutral,Unknown,Neutral,Neutral,Neutral,Neutral,Friendly,Friendly,Ally,Suspicion,Neutral,Ally,Unknown,Neutral,Enemy,Friendly,Suzerain,Suzerain,Unknown,Neutral,Neutral,Friendly,Friendly,Neutral,Friendly,Friendly,Suspicion,Neutral,Unknown,Enemy,Enemy,Friendly,Neutral,Ally,Suspicion,Suspicion,Suspicion,Unknown,Neutral,Friendly,Neutral,Neutral,Neutral,Suzerain,Neutral,Suspicion,Friendly,Neutral,Neutral,Suspicion
Honcejonia,Ally,Suspicion,Vassal,x,Suspicion,Friendly,Ally,Ally,Neutral,Enemy,Neutral,Ally,Friendly,Neutral,Ally,Ally,Friendly,Unknown,Ally,Neutral,Ally,Neutral,Ally,Unknown,Friendly,Friendly,Unknown,Unknown,Unknown,Neutral,Neutral,Ally,Neutral,Ally,Unknown,Friendly,Unknown,Neutral,Suspicion,Suspicion,Ally,Friendly,Friendly,Unknown,Neutral,Suspicion,Friendly,Neutral,Ally,Neutral,Unknown,Neutral,Neutral,Neutral,Neutral,Friendly,Friendly,Ally,Suspicion,Neutral,Ally,Unknown,Neutral,Enemy,Friendly,Ally,Ally,Unknown,Neutral,Neutral,Friendly,Friendly,Neutral,Friendly,Friendly,Suspicion,Neutral,Unknown,Enemy,Enemy,Friendly,Neutral,Ally,Suspicion,Suspicion,Suspicion,Unknown,Neutral,Friendly,Neutral,Neutral,Neutral,Ally,Neutral,Suspicion,Friendly,Neutral,Neutral,Suspicion
Alos,Neutral,Enemy,Suspicion,Suspicion,x,Friendly,Friendly,Enemy,Suspicion,Unknown,Friendly,Suspicion,Neutral,Unknown,Neutral,Suspicion,Ally,Neutral,Suspicion,Neutral,Suspicion,Neutral,Neutral,Unknown,Neutral,Ally,Neutral,Unknown,Unknown,Unknown,Neutral,Suspicion,Friendly,Unknown,Neutral,Unknown,Unknown,Neutral,Neutral,Neutral,Neutral,Friendly,Ally,Neutral,Neutral,Neutral,Unknown,Neutral,Suspicion,Unknown,Neutral,Suspicion,Ally,Unknown,Neutral,Unknown,Friendly,Neutral,Unknown,Neutral,Neutral,Neutral,Unknown,Friendly,Unknown,Suspicion,Suspicion,Neutral,Neutral,Neutral,Neutral,Unknown,Neutral,Unknown,Unknown,Unknown,Unknown,Unknown,Neutral,Friendly,Friendly,Neutral,Unknown,Neutral,Unknown,Unknown,Neutral,Neutral,Unknown,Neutral,Suspicion,Neutral,Suspicion,Suspicion,Ally,Friendly,Neutral,Unknown,Unknown
Pervanupia,Ally,Neutral,Friendly,Friendly,Friendly,x,Friendly,Ally,Ally,Unknown,Unknown,Friendly,Neutral,Ally,Neutral,Friendly,Neutral,Neutral,Friendly,Enemy,Neutral,Neutral,Unknown,Neutral,Neutral,Neutral,Rival,Suspicion,Friendly,Unknown,Neutral,Friendly,Unknown,Neutral,Neutral,Neutral,Unknown,Neutral,Neutral,Rival,Ally,Suzerain,Neutral,Suspicion,Neutral,Rival,Neutral,Neutral,Friendly,Neutral,Suspicion,Neutral,Unknown,Neutral,Neutral,Neutral,Suzerain,Ally,Neutral,Friendly,Ally,Friendly,Suspicion,Ally,Ally,Friendly,Friendly,Neutral,Unknown,Neutral,Rival,Ally,Unknown,Neutral,Ally,Neutral,Neutral,Suspicion,Unknown,Enemy,Suzerain,Neutral,Neutral,Neutral,Unknown,Rival,Neutral,Unknown,Ally,Suspicion,Ally,Suspicion,Friendly,Ally,Neutral,Suzerain,Neutral,Neutral,Enemy
Antiochria,Friendly,Neutral,Ally,Ally,Friendly,Friendly,x,Enemy,Neutral,Friendly,Unknown,Ally,Neutral,Ally,Unknown,Ally,Neutral,Friendly,Ally,Enemy,Suspicion,Neutral,Neutral,Neutral,Unknown,Neutral,Unknown,Neutral,Neutral,Neutral,Neutral,Ally,Neutral,Neutral,Friendly,Neutral,Friendly,Neutral,Suspicion,Neutral,Neutral,Friendly,Ally,Neutral,Unknown,Neutral,Neutral,Suspicion,Ally,Neutral,Neutral,Suspicion,Neutral,Neutral,Unknown,Neutral,Friendly,Neutral,Neutral,Neutral,Neutral,Suspicion,Neutral,Friendly,Unknown,Ally,Ally,Friendly,Neutral,Neutral,Suspicion,Unknown,Neutral,Neutral,Unknown,Friendly,Neutral,Neutral,Friendly,Unknown,Friendly,Neutral,Neutral,Neutral,Friendly,Friendly,Neutral,Ally,Unknown,Neutral,Neutral,Neutral,Ally,Neutral,Neutral,Friendly,Neutral,Neutral,Neutral
Carene,Suspicion,Ally,Ally,Ally,Enemy,Ally,Enemy,x,Friendly,Neutral,Neutral,Ally,Ally,Neutral,Friendly,Ally,Unknown,Neutral,Ally,Neutral,Neutral,Neutral,Friendly,Unknown,Enemy,Suspicion,Unknown,Neutral,Friendly,Unknown,Neutral,Ally,Ally,Neutral,Neutral,Neutral,Neutral,Neutral,Enemy,Neutral,Neutral,Ally,Enemy,Neutral,Suspicion,Neutral,Neutral,Unknown,Ally,Neutral,Neutral,Suspicion,Neutral,Neutral,Suspicion,Neutral,Ally,Neutral,Neutral,Neutral,Neutral,Friendly,Neutral,Neutral,Neutral,Ally,Ally,Neutral,Unknown,Friendly,Unknown,Neutral,Neutral,Neutral,Neutral,Unknown,Neutral,Unknown,Unknown,Unknown,Ally,Unknown,Neutral,Unknown,Neutral,Unknown,Neutral,Unknown,Neutral,Neutral,Neutral,Ally,Ally,Neutral,Unknown,Ally,Neutral,Neutral,Unknown
Ciloechia,Ally,Friendly,Neutral,Neutral,Suspicion,Ally,Neutral,Friendly,x,Unknown,Neutral,Neutral,Neutral,Neutral,Neutral,Neutral,Unknown,Neutral,Neutral,Neutral,Friendly,Unknown,Suspicion,Neutral,Unknown,Ally,Neutral,Unknown,Neutral,Unknown,Suspicion,Neutral,Neutral,Neutral,Neutral,Unknown,Neutral,Unknown,Neutral,Suspicion,Neutral,Ally,Suspicion,Neutral,Suspicion,Suspicion,Unknown,Suspicion,Neutral,Unknown,Neutral,Neutral,Unknown,Neutral,Suspicion,Unknown,Ally,Neutral,Unknown,Neutral,Neutral,Friendly,Neutral,Unknown,Neutral,Neutral,Neutral,Neutral,Neutral,Suspicion,Unknown,Neutral,Unknown,Unknown,Neutral,Unknown,Neutral,Neutral,Friendly,Unknown,Ally,Neutral,Neutral,Neutral,Unknown,Neutral,Neutral,Neutral,Neutral,Neutral,Suspicion,Friendly,Neutral,Suspicion,Unknown,Ally,Unknown,Unknown,Neutral
Pilis,Unknown,Neutral,Enemy,Enemy,Unknown,Unknown,Friendly,Neutral,Unknown,x,Neutral,Enemy,Unknown,Unknown,Neutral,Enemy,Neutral,Enemy,Enemy,Unknown,Unknown,Neutral,Unknown,Neutral,Friendly,Neutral,Unknown,Neutral,Unknown,Unknown,Unknown,Enemy,Neutral,Enemy,Enemy,Neutral,Neutral,Suspicion,Neutral,Unknown,Unknown,Unknown,Neutral,Neutral,Neutral,Unknown,Neutral,Neutral,Enemy,Unknown,Neutral,Suspicion,Neutral,Neutral,Neutral,Neutral,Unknown,Unknown,Neutral,Suspicion,Unknown,Suspicion,Neutral,Neutral,Neutral,Enemy,Enemy,Enemy,Neutral,Neutral,Unknown,Neutral,Neutral,Neutral,Neutral,Friendly,Unknown,Neutral,Unknown,Unknown,Unknown,Suspicion,Enemy,Neutral,Neutral,Neutral,Suspicion,Unknown,Neutral,Neutral,Neutral,Neutral,Enemy,Neutral,Neutral,Unknown,Neutral,Unknown,Unknown
Isujsia,Unknown,Neutral,Neutral,Neutral,Friendly,Unknown,Unknown,Neutral,Neutral,Neutral,x,Neutral,Neutral,Unknown,Neutral,Neutral,Neutral,Neutral,Neutral,Suspicion,Neutral,Neutral,Neutral,Unknown,Unknown,Neutral,Suspicion,Unknown,Suspicion,Neutral,Neutral,Neutral,Neutral,Friendly,Neutral,Unknown,Unknown,Unknown,Unknown,Friendly,Neutral,Unknown,Neutral,Suspicion,Unknown,Friendly,Unknown,Neutral,Neutral,Neutral,Suspicion,Neutral,Neutral,Friendly,Unknown,Unknown,Unknown,Neutral,Unknown,Neutral,Neutral,Neutral,Neutral,Neutral,Unknown,Neutral,Neutral,Neutral,Neutral,Unknown,Unknown,Unknown,Unknown,Unknown,Unknown,Neutral,Neutral,Unknown,Suspicion,Unknown,Unknown,Ally,Friendly,Suspicion,Unknown,Neutral,Neutral,Neutral,Unknown,Unknown,Suspicion,Neutral,Neutral,Suspicion,Neutral,Unknown,Unknown,Neutral,Unknown
Otevmaa,Ally,Suspicion,Vassal,Ally,Suspicion,Friendly,Ally,Ally,Neutral,Enemy,Neutral,x,Friendly,Neutral,Ally,Ally,Friendly,Unknown,Ally,Neutral,Ally,Neutral,Ally,Unknown,Friendly,Friendly,Unknown,Unknown,Unknown,Neutral,Neutral,Ally,Neutral,Ally,Unknown,Friendly,Unknown,Neutral,Suspicion,Suspicion,Ally,Friendly,Friendly,Unknown,Neutral,Suspicion,Friendly,Neutral,Ally,Neutral,Unknown,Neutral,Neutral,Neutral,Neutral,Friendly,Friendly,Ally,Suspicion,Neutral,Ally,Unknown,Neutral,Enemy,Friendly,Ally,Ally,Unknown,Neutral,Neutral,Friendly,Friendly,Neutral,Friendly,Friendly,Suspicion,Neutral,Unknown,Enemy,Enemy,Friendly,Neutral,Ally,Suspicion,Suspicion,Suspicion,Unknown,Neutral,Friendly,Neutral,Neutral,Neutral,Ally,Neutral,Suspicion,Friendly,Neutral,Neutral,Suspicion
Vakmokmaa,Friendly,Friendly,Friendly,Friendly,Neutral,Neutral,Neutral,Ally,Neutral,Unknown,Neutral,Friendly,x,Unknown,Friendly,Friendly,Neutral,Neutral,Friendly,Unknown,Suspicion,Neutral,Ally,Unknown,Enemy,Neutral,Neutral,Unknown,Unknown,Friendly,Suspicion,Friendly,Friendly,Neutral,Neutral,Ally,Suspicion,Neutral,Enemy,Neutral,Suspicion,Neutral,Neutral,Neutral,Neutral,Neutral,Ally,Friendly,Friendly,Suspicion,Neutral,Neutral,Neutral,Suspicion,Neutral,Ally,Neutral,Suspicion,Friendly,Neutral,Suspicion,Unknown,Neutral,Friendly,Unknown,Friendly,Friendly,Neutral,Unknown,Suspicion,Friendly,Unknown,Friendly,Ally,Unknown,Unknown,Neutral,Neutral,Neutral,Friendly,Neutral,Neutral,Neutral,Neutral,Neutral,Unknown,Unknown,Neutral,Unknown,Neutral,Neutral,Neutral,Friendly,Neutral,Unknown,Neutral,Ally,Unknown,Unknown
Monzalena,Suspicion,Neutral,Neutral,Neutral,Unknown,Ally,Ally,Neutral,Neutral,Unknown,Unknown,Neutral,Unknown,x,Neutral,Neutral,Unknown,Ally,Neutral,Enemy,Unknown,Unknown,Unknown,Friendly,Suspicion,Unknown,Neutral,Unknown,Unknown,Neutral,Neutral,Neutral,Unknown,Neutral,Ally,Suspicion,Neutral,Unknown,Neutral,Neutral,Neutral,Ally,Neutral,Suspicion,Ally,Neutral,Suspicion,Neutral,Neutral,Neutral,Suspicion,Neutral,Neutral,Suspicion,Ally,Suspicion,Ally,Neutral,Neutral,Neutral,Neutral,Unknown,Suspicion,Neutral,Friendly,Neutral,Neutral,Ally,Ally,Neutral,Suspicion,Friendly,Neutral,Suspicion,Friendly,Unknown,Unknown,Unknown,Unknown,Friendly,Ally,Enemy,Neutral,Unknown,Unknown,Suspicion,Unknown,Suspicion,Friendly,Rival,Neutral,Suspicion,Neutral,Neutral,Neutral,Ally,Suspicion,Friendly,Neutral
Salia,Ally,Friendly,Ally,Ally,Neutral,Neutral,Unknown,Friendly,Neutral,Neutral,Neutral,Ally,Friendly,Neutral,x,Ally,Unknown,Neutral,Ally,Unknown,Neutral,Neutral,Ally,Neutral,Unknown,Ally,Neutral,Unknown,Neutral,Unknown,Neutral,Ally,Ally,Neutral,Neutral,Neutral,Suspicion,Neutral,Unknown,Suspicion,Unknown,Neutral,Neutral,Neutral,Neutral,Suspicion,Neutral,Neutral,Ally,Neutral,Neutral,Unknown,Neutral,Neutral,Neutral,Neutral,Neutral,Unknown,Unknown,Unknown,Unknown,Neutral,Neutral,Suspicion,Neutral,Ally,Ally,Neutral,Neutral,Neutral,Neutral,Neutral,Neutral,Neutral,Neutral,Neutral,Neutral,Unknown,Unknown,Unknown,Neutral,Neutral,Neutral,Neutral,Suspicion,Unknown,Neutral,Neutral,Neutral,Friendly,Neutral,Neutral,Ally,Neutral,Unknown,Neutral,Neutral,Unknown,Neutral
Palaripmaa,Ally,Suspicion,Vassal,Ally,Suspicion,Friendly,Ally,Ally,Neutral,Enemy,Neutral,Ally,Friendly,Neutral,Ally,x,Friendly,Unknown,Ally,Neutral,Ally,Neutral,Ally,Unknown,Friendly,Friendly,Unknown,Unknown,Unknown,Neutral,Neutral,Ally,Neutral,Ally,Unknown,Friendly,Unknown,Neutral,Suspicion,Suspicion,Ally,Friendly,Friendly,Unknown,Neutral,Suspicion,Friendly,Neutral,Ally,Neutral,Unknown,Neutral,Neutral,Neutral,Neutral,Friendly,Friendly,Ally,Suspicion,Neutral,Ally,Unknown,Neutral,Enemy,Friendly,Ally,Ally,Unknown,Neutral,Neutral,Friendly,Friendly,Neutral,Friendly,Friendly,Suspicion,Neutral,Unknown,Enemy,Enemy,Friendly,Neutral,Ally,Suspicion,Suspicion,Suspicion,Unknown,Neutral,Friendly,Neutral,Neutral,Neutral,Ally,Neutral,Suspicion,Friendly,Neutral,Neutral,Suspicion
Niksia,Neutral,Enemy,Friendly,Friendly,Ally,Neutral,Neutral,Unknown,Unknown,Neutral,Neutral,Friendly,Neutral,Unknown,Unknown,Friendly,x,Neutral,Friendly,Neutral,Neutral,Neutral,Neutral,Friendly,Friendly,Neutral,Neutral,Neutral,Neutral,Friendly,Neutral,Friendly,Friendly,Suspicion,Neutral,Unknown,Neutral,Friendly,Neutral,Enemy,Friendly,Neutral,Suspicion,Unknown,Neutral,Enemy,Unknown,Neutral,Friendly,Neutral,Unknown,Neutral,Suspicion,Ally,Neutral,Unknown,Neutral,Friendly,Neutral,Unknown,Friendly,Unknown,Neutral,Suspicion,Ally,Friendly,Friendly,Neutral,Neutral,Neutral,Ally,Ally,Neutral,Unknown,Ally,Neutral,Neutral,Neutral,Unknown,Rival,Neutral,Unknown,Suspicion,Neutral,Neutral,Neutral,Neutral,Neutral,Ally,Unknown,Neutral,Neutral,Friendly,Neutral,Rival,Neutral,Rival,Friendly,Unknown
Kiszaujdia,Neutral,Neutral,Unknown,Unknown,Neutral,Neutral,Friendly,Neutral,Neutral,Enemy,Neutral,Unknown,Neutral,Ally,Neutral,Unknown,Neutral,x,Unknown,Enemy,Neutral,Unknown,Unknown,Neutral,Neutral,Suspicion,Neutral,Neutral,Unknown,Neutral,Unknown,Unknown,Unknown,Ally,Suzerain,Friendly,Neutral,Neutral,Neutral,Suspicion,Suspicion,Neutral,Neutral,Ally,Neutral,Suspicion,Friendly,Neutral,Unknown,Unknown,Ally,Unknown,Suspicion,Unknown,Neutral,Friendly,Neutral,Suspicion,Unknown,Neutral,Suspicion,Unknown,Neutral,Neutral,Unknown,Unknown,Unknown,Suzerain,Unknown,Neutral,Suspicion,Unknown,Neutral,Friendly,Unknown,Neutral,Suspicion,Neutral,Neutral,Neutral,Neutral,Enemy,Ally,Neutral,Unknown,Unknown,Neutral,Unknown,Unknown,Unknown,Unknown,Neutral,Unknown,Unknown,Neutral,Neutral,Unknown,Unknown,Neutral
Mapa,Ally,Suspicion,Vassal,Ally,Suspicion,Friendly,Ally,Ally,Neutral,Enemy,Neutral,Ally,Friendly,Neutral,Ally,Ally,Friendly,Unknown,x,Neutral,Ally,Neutral,Ally,Unknown,Friendly,Friendly,Unknown,Unknown,Unknown,Neutral,Neutral,Ally,Neutral,Ally,Unknown,Friendly,Unknown,Neutral,Suspicion,Suspicion,Ally,Friendly,Friendly,Unknown,Neutral,Suspicion,Friendly,Neutral,Ally,Neutral,Unknown,Neutral,Neutral,Neutral,Neutral,Friendly,Friendly,Ally,Suspicion,Neutral,Ally,Unknown,Neutral,Enemy,Friendly,Ally,Ally,Unknown,Neutral,Neutral,Friendly,Friendly,Neutral,Friendly,Friendly,Suspicion,Neutral,Unknown,Enemy,Enemy,Friendly,Neutral,Ally,Suspicion,Suspicion,Suspicion,Unknown,Neutral,Friendly,Neutral,Neutral,Neutral,Ally,Neutral,Suspicion,Friendly,Neutral,Neutral,Suspicion
Sasgauteria,Suspicion,Unknown,Neutral,Neutral,Neutral,Enemy,Enemy,Neutral,Neutral,Unknown,Suspicion,Neutral,Unknown,Enemy,Unknown,Neutral,Neutral,Enemy,Neutral,x,Neutral,Neutral,Suspicion,Neutral,Unknown,Unknown,Rival,Unknown,Neutral,Neutral,Neutral,Neutral,Unknown,Neutral,Enemy,Neutral,Unknown,Suspicion,Friendly,Unknown,Suspicion,Enemy,Neutral,Rival,Enemy,Unknown,Neutral,Neutral,Neutral,Unknown,Rival,Neutral,Neutral,Neutral,Enemy,Neutral,Enemy,Suspicion,Enemy,Suspicion,Suspicion,Unknown,Rival,Neutral,Rival,Neutral,Neutral,Enemy,Neutral,Neutral,Neutral,Rival,Rival,Neutral,Rival,Suspicion,Suspicion,Enemy,Unknown,Neutral,Enemy,Friendly,Neutral,Rival,Neutral,Neutral,Neutral,Unknown,Rival,Rival,Neutral,Suspicion,Neutral,Neutral,Neutral,Enemy,Neutral,Unknown,Neutral
Aklia,Unknown,Neutral,Ally,Ally,Suspicion,Neutral,Suspicion,Neutral,Friendly,Unknown,Neutral,Ally,Suspicion,Unknown,Neutral,Ally,Neutral,Neutral,Ally,Neutral,x,Unknown,Neutral,Neutral,Unknown,Neutral,Friendly,Neutral,Neutral,Neutral,Neutral,Ally,Unknown,Neutral,Neutral,Neutral,Unknown,Unknown,Unknown,Neutral,Neutral,Neutral,Neutral,Neutral,Unknown,Neutral,Neutral,Ally,Ally,Neutral,Neutral,Neutral,Unknown,Neutral,Unknown,Neutral,Neutral,Neutral,Neutral,Neutral,Neutral,Friendly,Neutral,Enemy,Neutral,Ally,Ally,Neutral,Neutral,Neutral,Neutral,Neutral,Unknown,Neutral,Neutral,Unknown,Neutral,Suspicion,Enemy,Suspicion,Neutral,Neutral,Neutral,Unknown,Neutral,Unknown,Suspicion,Neutral,Neutral,Unknown,Suspicion,Neutral,Ally,Suspicion,Friendly,Neutral,Neutral,Unknown,Neutral
Ervelia,Unknown,Ally,Neutral,Neutral,Neutral,Neutral,Neutral,Neutral,Unknown,Neutral,Neutral,Neutral,Neutral,Unknown,Neutral,Neutral,Neutral,Unknown,Neutral,Neutral,Unknown,x,Unknown,Neutral,Neutral,Neutral,Neutral,Neutral,Unknown,Neutral,Unknown,Neutral,Suspicion,Neutral,Unknown,Neutral,Neutral,Neutral,Neutral,Neutral,Unknown,Neutral,Neutral,Neutral,Unknown,Neutral,Neutral,Unknown,Neutral,Neutral,Neutral,Suspicion,Neutral,Neutral,Unknown,Neutral,Neutral,Unknown,Unknown,Suspicion,Unknown,Neutral,Neutral,Neutral,Neutral,Neutral,Neutral,Unknown,Friendly,Neutral,Friendly,Neutral,Neutral,Neutral,Neutral,Neutral,Suspicion,Unknown,Neutral,Neutral,Neutral,Neutral,Neutral,Unknown,Neutral,Unknown,Neutral,Neutral,Neutral,Unknown,Suspicion,Neutral,Neutral,Suspicion,Neutral,Neutral,Friendly,Unknown,Neutral
Joenpalia,Friendly,Friendly,Ally,Ally,Neutral,Unknown,Neutral,Friendly,Suspicion,Unknown,Neutral,Ally,Ally,Unknown,Ally,Ally,Neutral,Unknown,Ally,Suspicion,Neutral,Unknown,x,Neutral,Enemy,Neutral,Neutral,Suspicion,Unknown,Neutral,Unknown,Ally,Neutral,Neutral,Unknown,Rival,Neutral,Unknown,Enemy,Unknown,Neutral,Unknown,Neutral,Neutral,Neutral,Unknown,Rival,Friendly,Ally,Unknown,Neutral,Neutral,Unknown,Neutral,Neutral,Rival,Unknown,Neutral,Unknown,Friendly,Neutral,Neutral,Neutral,Neutral,Unknown,Ally,Ally,Unknown,Unknown,Suspicion,Neutral,Unknown,Neutral,Rival,Unknown,Suspicion,Neutral,Neutral,Unknown,Neutral,Unknown,Unknown,Neutral,Neutral,Ally,Neutral,Unknown,Ally,Unknown,Neutral,Neutral,Unknown,Ally,Neutral,Neutral,Unknown,Neutral,Suspicion,Suspicion
Drorodia,Neutral,Friendly,Unknown,Unknown,Unknown,Neutral,Neutral,Unknown,Neutral,Neutral,Unknown,Unknown,Unknown,Friendly,Neutral,Unknown,Friendly,Neutral,Unknown,Neutral,Neutral,Neutral,Neutral,x,Neutral,Suspicion,Neutral,Neutral,Neutral,Unknown,Neutral,Unknown,Suspicion,Neutral,Neutral,Neutral,Neutral,Friendly,Neutral,Enemy,Neutral,Neutral,Neutral,Neutral,Neutral,Enemy,Neutral,Suspicion,Unknown,Neutral,Neutral,Neutral,Neutral,Neutral,Neutral,Neutral,Neutral,Neutral,Suspicion,Ally,Neutral,Unknown,Neutral,Unknown,Neutral,Unknown,Unknown,Neutral,Neutral,Suspicion,Ally,Neutral,Neutral,Neutral,Neutral,Unknown,Neutral,Neutral,Unknown,Neutral,Neutral,Neutral,Neutral,Friendly,Unknown,Suspicion,Unknown,Unknown,Neutral,Unknown,Unknown,Neutral,Unknown,Unknown,Neutral,Neutral,Unknown,Neutral,Unknown
Poratia,Neutral,Suspicion,Friendly,Friendly,Neutral,Neutral,Unknown,Enemy,Unknown,Friendly,Unknown,Friendly,Enemy,Suspicion,Unknown,Friendly,Friendly,Neutral,Friendly,Unknown,Unknown,Neutral,Enemy,Neutral,x,Unknown,Neutral,Neutral,Suspicion,Neutral,Friendly,Friendly,Suspicion,Neutral,Neutral,Enemy,Suspicion,Unknown,Ally,Suspicion,Suspicion,Neutral,Neutral,Neutral,Neutral,Suspicion,Enemy,Neutral,Friendly,Unknown,Neutral,Suspicion,Neutral,Neutral,Neutral,Enemy,Neutral,Suspicion,Neutral,Suspicion,Suspicion,Unknown,Neutral,Neutral,Unknown,Friendly,Friendly,Neutral,Neutral,Neutral,Unknown,Unknown,Suspicion,Enemy,Unknown,Neutral,Neutral,Neutral,Neutral,Suspicion,Neutral,Neutral,Neutral,Neutral,Neutral,Neutral,Neutral,Neutral,Unknown,Neutral,Friendly,Unknown,Friendly,Friendly,Unknown,Neutral,Enemy,Unknown,Friendly
Agaranchia,Ally,Enemy,Friendly,Friendly,Ally,Neutral,Neutral,Suspicion,Ally,Neutral,Neutral,Friendly,Neutral,Unknown,Ally,Friendly,Neutral,Suspicion,Friendly,Unknown,Neutral,Neutral,Neutral,Suspicion,Unknown,x,Neutral,Neutral,Suspicion,Neutral,Neutral,Friendly,Neutral,Unknown,Suspicion,Unknown,Neutral,Unknown,Neutral,Neutral,Neutral,Neutral,Neutral,Unknown,Neutral,Neutral,Unknown,Neutral,Friendly,Neutral,Unknown,Neutral,Neutral,Unknown,Neutral,Unknown,Neutral,Neutral,Unknown,Unknown,Neutral,Suspicion,Neutral,Unknown,Neutral,Friendly,Friendly,Suspicion,Neutral,Friendly,Neutral,Neutral,Unknown,Unknown,Neutral,Neutral,Neutral,Neutral,Friendly,Suspicion,Neutral,Neutral,Unknown,Neutral,Unknown,Friendly,Neutral,Neutral,Neutral,Neutral,Neutral,Neutral,Friendly,Neutral,Unknown,Neutral,Neutral,Unknown,Neutral
Amegioneria,Neutral,Suspicion,Unknown,Unknown,Neutral,Rival,Unknown,Unknown,Neutral,Unknown,Suspicion,Unknown,Neutral,Neutral,Neutral,Unknown,Neutral,Neutral,Unknown,Rival,Friendly,Neutral,Neutral,Neutral,Neutral,Neutral,x,Neutral,Friendly,Neutral,Neutral,Unknown,Neutral,Neutral,Neutral,Unknown,Suspicion,Neutral,Neutral,Enemy,Neutral,Rival,Neutral,Ally,Friendly,Enemy,Unknown,Neutral,Unknown,Unknown,Ally,Unknown,Unknown,Suspicion,Friendly,Unknown,Rival,Neutral,Suspicion,Neutral,Neutral,Neutral,Suspicion,Friendly,Neutral,Unknown,Unknown,Neutral,Suspicion,Neutral,Ally,Neutral,Neutral,Unknown,Neutral,Neutral,Suspicion,Suspicion,Neutral,Neutral,Rival,Unknown,Neutral,Unknown,Unknown,Suspicion,Unknown,Unknown,Neutral,Ally,Neutral,Rival,Unknown,Neutral,Neutral,Rival,Neutral,Neutral,Unknown
Kubutia,Neutral,Neutral,Unknown,Unknown,Unknown,Suspicion,Neutral,Neutral,Unknown,Neutral,Unknown,Unknown,Unknown,Unknown,Unknown,Unknown,Neutral,Neutral,Unknown,Unknown,Neutral,Neutral,Suspicion,Neutral,Neutral,Neutral,Neutral,x,Neutral,Neutral,Neutral,Unknown,Neutral,Neutral,Neutral,Unknown,Unknown,Neutral,Neutral,Neutral,Neutral,Suspicion,Neutral,Neutral,Friendly,Neutral,Unknown,Neutral,Unknown,Friendly,Neutral,Neutral,Neutral,Neutral,Friendly,Unknown,Suspicion,Neutral,Unknown,Neutral,Neutral,Neutral,Neutral,Neutral,Neutral,Unknown,Unknown,Neutral,Neutral,Neutral,Suspicion,Neutral,Neutral,Unknown,Neutral,Unknown,Neutral,Neutral,Neutral,Neutral,Suspicion,Unknown,Neutral,Neutral,Neutral,Unknown,Neutral,Friendly,Neutral,Unknown,Neutral,Neutral,Unknown,Neutral,Neutral,Suspicion,Unknown,Neutral,Suspicion
Comberia,Neutral,Suspicion,Unknown,Unknown,Unknown,Friendly,Neutral,Friendly,Neutral,Unknown,Suspicion,Unknown,Unknown,Unknown,Neutral,Unknown,Neutral,Unknown,Unknown,Neutral,Neutral,Unknown,Unknown,Neutral,Suspicion,Suspicion,Friendly,Neutral,x,Unknown,Neutral,Unknown,Friendly,Unknown,Unknown,Suspicion,Friendly,Friendly,Friendly,Neutral,Unknown,Friendly,Neutral,Unknown,Neutral,Neutral,Suspicion,Unknown,Unknown,Neutral,Unknown,Unknown,Rival,Neutral,Neutral,Suspicion,Friendly,Unknown,Rival,Suspicion,Unknown,Neutral,Rival,Unknown,Ally,Unknown,Unknown,Unknown,Friendly,Neutral,Friendly,Ally,Ally,Suspicion,Ally,Unknown,Neutral,Rival,Suspicion,Neutral,Friendly,Neutral,Unknown,Ally,Ally,Suspicion,Neutral,Unknown,Ally,Unknown,Neutral,Neutral,Unknown,Neutral,Neutral,Friendly,Unknown,Unknown,Unknown
Porvisia,Unknown,Neutral,Neutral,Neutral,Unknown,Unknown,Neutral,Unknown,Unknown,Unknown,Neutral,Neutral,Friendly,Neutral,Unknown,Neutral,Friendly,Neutral,Neutral,Neutral,Neutral,Neutral,Neutral,Unknown,Neutral,Neutral,Neutral,Neutral,Unknown,x,Friendly,Neutral,Neutral,Unknown,Neutral,Neutral,Suspicion,Neutral,Unknown,Neutral,Neutral,Unknown,Unknown,Neutral,Neutral,Neutral,Neutral,Unknown,Neutral,Unknown,Neutral,Unknown,Suspicion,Unknown,Neutral,Neutral,Unknown,Neutral,Neutral,Neutral,Neutral,Unknown,Neutral,Unknown,Unknown,Neutral,Neutral,Neutral,Neutral,Suspicion,Suspicion,Unknown,Neutral,Neutral,Unknown,Unknown,Friendly,Unknown,Neutral,Unknown,Unknown,Neutral,Unknown,Neutral,Unknown,Unknown,Neutral,Neutral,Unknown,Friendly,Suspicion,Neutral,Neutral,Suspicion,Neutral,Unknown,Neutral,Unknown,Unknown
Nuvusla,Unknown,Neutral,Neutral,Neutral,Neutral,Neutral,Neutral,Neutral,Suspicion,Unknown,Neutral,Neutral,Suspicion,Neutral,Neutral,Neutral,Neutral,Unknown,Neutral,Neutral,Neutral,Unknown,Unknown,Neutral,Friendly,Neutral,Neutral,Neutral,Neutral,Friendly,x,Neutral,Unknown,Unknown,Unknown,Ally,Neutral,Suspicion,Neutral,Neutral,Neutral,Neutral,Neutral,Neutral,Neutral,Neutral,Ally,Unknown,Neutral,Neutral,Neutral,Unknown,Unknown,Suspicion,Neutral,Ally,Neutral,Neutral,Neutral,Neutral,Neutral,Friendly,Neutral,Neutral,Unknown,Neutral,Neutral,Unknown,Neutral,Unknown,Suspicion,Unknown,Unknown,Ally,Unknown,Unknown,Unknown,Unknown,Unknown,Neutral,Neutral,Neutral,Unknown,Unknown,Unknown,Neutral,Neutral,Neutral,Unknown,Neutral,Neutral,Neutral,Neutral,Neutral,Ally,Neutral,Friendly,Neutral,Unknown
Tulpenmaa,Ally,Suspicion,Vassal,Ally,Suspicion,Friendly,Ally,Ally,Neutral,Enemy,Neutral,Ally,Friendly,Neutral,Ally,Ally,Friendly,Unknown,Ally,Neutral,Ally,Neutral,Ally,Unknown,Friendly,Friendly,Unknown,Unknown,Unknown,Neutral,Neutral,x,Neutral,Ally,Unknown,Friendly,Unknown,Neutral,Suspicion,Suspicion,Ally,Friendly,Friendly,Unknown,Neutral,Suspicion,Friendly,Neutral,Ally,Neutral,Unknown,Neutral,Neutral,Neutral,Neutral,Friendly,Friendly,Ally,Suspicion,Neutral,Ally,Unknown,Neutral,Enemy,Friendly,Ally,Ally,Unknown,Neutral,Neutral,Friendly,Friendly,Neutral,Friendly,Friendly,Suspicion,Neutral,Unknown,Enemy,Enemy,Friendly,Neutral,Ally,Suspicion,Suspicion,Suspicion,Unknown,Neutral,Friendly,Neutral,Neutral,Neutral,Ally,Neutral,Suspicion,Friendly,Neutral,Neutral,Suspicion
Manylmaa,Ally,Neutral,Neutral,Neutral,Friendly,Unknown,Neutral,Ally,Neutral,Neutral,Neutral,Neutral,Friendly,Unknown,Ally,Neutral,Friendly,Unknown,Neutral,Unknown,Unknown,Suspicion,Neutral,Suspicion,Suspicion,Neutral,Neutral,Neutral,Friendly,Neutral,Unknown,Neutral,x,Neutral,Unknown,Neutral,Neutral,Neutral,Friendly,Unknown,Neutral,Unknown,Unknown,Neutral,Unknown,Unknown,Neutral,Neutral,Neutral,Unknown,Neutral,Unknown,Neutral,Ally,Unknown,Neutral,Unknown,Neutral,Neutral,Neutral,Neutral,Neutral,Neutral,Neutral,Neutral,Neutral,Neutral,Unknown,Unknown,Neutral,Friendly,Neutral,Neutral,Neutral,Neutral,Unknown,Friendly,Ally,Neutral,Suspicion,Unknown,Neutral,Neutral,Neutral,Neutral,Neutral,Neutral,Unknown,Neutral,Suspicion,Ally,Friendly,Neutral,Ally,Unknown,Unknown,Rival,Ally,Neutral
Maglarkad,Suspicion,Neutral,Ally,Ally,Unknown,Neutral,Neutral,Neutral,Neutral,Enemy,Friendly,Ally,Neutral,Neutral,Neutral,Ally,Suspicion,Ally,Ally,Neutral,Neutral,Neutral,Neutral,Neutral,Neutral,Unknown,Neutral,Neutral,Unknown,Unknown,Unknown,Ally,Neutral,x,Ally,Neutral,Neutral,Unknown,Neutral,Unknown,Unknown,Neutral,Friendly,Neutral,Suspicion,Unknown,Neutral,Unknown,Ally,Neutral,Neutral,Suspicion,Friendly,Neutral,Suspicion,Neutral,Neutral,Unknown,Neutral,Neutral,Unknown,Neutral,Neutral,Suspicion,Neutral,Ally,Ally,Ally,Neutral,Neutral,Unknown,Neutral,Unknown,Neutral,Neutral,Neutral,Unknown,Unknown,Neutral,Neutral,Neutral,Enemy,Suzerain,Suspicion,Neutral,Unknown,Neutral,Unknown,Neutral,Suspicion,Unknown,Neutral,Ally,Unknown,Suspicion,Neutral,Neutral,Unknown,Unknown
Torok,Neutral,Neutral,Unknown,Unknown,Neutral,Neutral,Friendly,Neutral,Neutral,Enemy,Neutral,Unknown,Neutral,Ally,Neutral,Unknown,Neutral,Vassal,Unknown,Enemy,Neutral,Unknown,Unknown,Neutral,Neutral,Suspicion,Neutral,Neutral,Unknown,Neutral,Unknown,Unknown,Unknown,Ally,x,Friendly,Neutral,Neutral,Neutral,Suspicion,Suspicion,Neutral,Neutral,Ally,Neutral,Suspicion,Friendly,Neutral,Unknown,Unknown,Ally,Unknown,Suspicion,Unknown,Neutral,Friendly,Neutral,Suspicion,Unknown,Neutral,Suspicion,Unknown,Neutral,Neutral,Unknown,Unknown,Unknown,Ally,Unknown,Neutral,Suspicion,Unknown,Neutral,Friendly,Unknown,Neutral,Suspicion,Neutral,Neutral,Neutral,Neutral,Enemy,Ally,Neutral,Unknown,Unknown,Neutral,Unknown,Unknown,Unknown,Unknown,Neutral,Unknown,Unknown,Neutral,Neutral,Unknown,Unknown,Neutral
Jorvi,Ally,Neutral,Friendly,Friendly,Unknown,Neutral,Neutral,Neutral,Unknown,Neutral,Unknown,Friendly,Ally,Suspicion,Neutral,Friendly,Unknown,Friendly,Friendly,Neutral,Neutral,Neutral,Rival,Neutral,Enemy,Unknown,Unknown,Unknown,Suspicion,Neutral,Ally,Friendly,Neutral,Neutral,Friendly,x,Neutral,Neutral,Enemy,Suspicion,Neutral,Neutral,Neutral,Neutral,Neutral,Suspicion,Suzerain,Ally,Friendly,Unknown,Neutral,Unknown,Neutral,Neutral,Neutral,Suzerain,Neutral,Neutral,Neutral,Unknown,Neutral,Unknown,Unknown,Neutral,Unknown,Friendly,Friendly,Friendly,Neutral,Unknown,Friendly,Unknown,Neutral,Suzerain,Unknown,Neutral,Neutral,Suspicion,Neutral,Unknown,Neutral,Neutral,Neutral,Unknown,Neutral,Neutral,Friendly,Friendly,Unknown,Unknown,Neutral,Suspicion,Friendly,Neutral,Unknown,Neutral,Neutral,Unknown,Unknown
Newburia,Unknown,Suspicion,Unknown,Unknown,Unknown,Unknown,Friendly,Neutral,Neutral,Neutral,Unknown,Unknown,Suspicion,Neutral,Suspicion,Unknown,Neutral,Neutral,Unknown,Unknown,Unknown,Neutral,Neutral,Neutral,Suspicion,Neutral,Suspicion,Unknown,Friendly,Suspicion,Neutral,Unknown,Neutral,Neutral,Neutral,Neutral,x,Enemy,Neutral,Neutral,Unknown,Unknown,Neutral,Neutral,Unknown,Neutral,Neutral,Unknown,Unknown,Neutral,Neutral,Neutral,Ally,Neutral,Unknown,Neutral,Unknown,Unknown,Suspicion,Neutral,Unknown,Unknown,Neutral,Unknown,Neutral,Unknown,Unknown,Neutral,Neutral,Neutral,Friendly,Neutral,Ally,Neutral,Neutral,Unknown,Unknown,Unknown,Unknown,Unknown,Unknown,Friendly,Neutral,Unknown,Friendly,Suspicion,Ally,Unknown,Neutral,Neutral,Neutral,Neutral,Unknown,Neutral,Neutral,Unknown,Unknown,Neutral,Neutral
Hornrithia,Neutral,Unknown,Neutral,Neutral,Neutral,Neutral,Neutral,Neutral,Unknown,Suspicion,Unknown,Neutral,Neutral,Unknown,Neutral,Neutral,Friendly,Neutral,Neutral,Suspicion,Unknown,Neutral,Unknown,Friendly,Unknown,Unknown,Neutral,Neutral,Friendly,Neutral,Suspicion,Neutral,Neutral,Unknown,Neutral,Neutral,Enemy,x,Friendly,Unknown,Neutral,Neutral,Unknown,Neutral,Neutral,Unknown,Neutral,Unknown,Neutral,Neutral,Neutral,Neutral,Enemy,Friendly,Neutral,Neutral,Neutral,Neutral,Suspicion,Neutral,Neutral,Neutral,Rival,Unknown,Friendly,Neutral,Neutral,Neutral,Neutral,Neutral,Neutral,Friendly,Enemy,Neutral,Friendly,Neutral,Suspicion,Neutral,Neutral,Neutral,Neutral,Neutral,Unknown,Unknown,Neutral,Rival,Enemy,Neutral,Friendly,Unknown,Neutral,Unknown,Neutral,Neutral,Neutral,Neutral,Neutral,Neutral,Neutral
Hapia,Unknown,Neutral,Suspicion,Suspicion,Neutral,Neutral,Suspicion,Enemy,Neutral,Neutral,Unknown,Suspicion,Enemy,Neutral,Unknown,Suspicion,Neutral,Neutral,Suspicion,Friendly,Unknown,Neutral,Enemy,Neutral,Ally,Neutral,Neutral,Neutral,Friendly,Unknown,Neutral,Suspicion,Friendly,Neutral,Neutral,Enemy,Neutral,Friendly,x,Neutral,Suspicion,Neutral,Neutral,Neutral,Suspicion,Neutral,Enemy,Neutral,Suspicion,Neutral,Neutral,Suspicion,Neutral,Friendly,Suspicion,Enemy,Neutral,Suspicion,Neutral,Neutral,Suspicion,Unknown,Neutral,Neutral,Neutral,Suspicion,Suspicion,Neutral,Neutral,Neutral,Neutral,Neutral,Neutral,Enemy,Neutral,Neutral,Neutral,Neutral,Suspicion,Friendly,Neutral,Neutral,Neutral,Neutral,Neutral,Neutral,Suspicion,Neutral,Neutral,Neutral,Friendly,Neutral,Suspicion,Friendly,Neutral,Neutral,Enemy,Neutral,Friendly
Morvania,Unknown,Unknown,Suspicion,Suspicion,Neutral,Rival,Neutral,Neutral,Suspicion,Unknown,Friendly,Suspicion,Neutral,Neutral,Suspicion,Suspicion,Enemy,Suspicion,Suspicion,Unknown,Neutral,Neutral,Unknown,Enemy,Suspicion,Neutral,Enemy,Neutral,Neutral,Neutral,Neutral,Suspicion,Unknown,Unknown,Suspicion,Suspicion,Neutral,Unknown,Neutral,x,Friendly,Rival,Neutral,Enemy,Suspicion,Suzerain,Suspicion,Neutral,Suspicion,Neutral,Enemy,Unknown,Neutral,Neutral,Suspicion,Suspicion,Rival,Friendly,Neutral,Ally,Friendly,Friendly,Suspicion,Suspicion,Suspicion,Suspicion,Suspicion,Suspicion,Neutral,Ally,Enemy,Suspicion,Neutral,Suspicion,Suspicion,Neutral,Unknown,Neutral,Neutral,Neutral,Rival,Neutral,Unknown,Neutral,Neutral,Suspicion,Neutral,Unknown,Suspicion,Ally,Unknown,Enemy,Suspicion,Unknown,Neutral,Rival,Neutral,Suspicion,Unknown
Kanamasmaa,Unknown,Neutral,Ally,Ally,Neutral,Ally,Neutral,Neutral,Neutral,Unknown,Neutral,Ally,Suspicion,Neutral,Unknown,Ally,Friendly,Suspicion,Ally,Suspicion,Neutral,Unknown,Neutral,Neutral,Suspicion,Neutral,Neutral,Neutral,Unknown,Neutral,Neutral,Ally,Neutral,Unknown,Suspicion,Neutral,Unknown,Neutral,Suspicion,Friendly,x,Ally,Neutral,Neutral,Friendly,Friendly,Neutral,Neutral,Ally,Neutral,Neutral,Neutral,Unknown,Suspicion,Friendly,Neutral,Ally,Suzerain,Unknown,Unknown,Suzerain,Neutral,Neutral,Neutral,Ally,Ally,Ally,Suspicion,Neutral,Unknown,Unknown,Ally,Unknown,Neutral,Ally,Suspicion,Ally,Friendly,Neutral,Enemy,Ally,Neutral,Unknown,Ally,Suspicion,Ally,Friendly,Neutral,Ally,Unknown,Suspicion,Neutral,Ally,Suspicion,Neutral,Ally,Friendly,Ally,Suspicion
Frascia,Ally,Neutral,Friendly,Friendly,Friendly,Vassal,Friendly,Ally,Ally,Unknown,Unknown,Friendly,Neutral,Ally,Neutral,Friendly,Neutral,Neutral,Friendly,Enemy,Neutral,Neutral,Unknown,Neutral,Neutral,Neutral,Rival,Suspicion,Friendly,Unknown,Neutral,Friendly,Unknown,Neutral,Neutral,Neutral,Unknown,Neutral,Neutral,Rival,Ally,x,Neutral,Suspicion,Neutral,Rival,Neutral,Neutral,Friendly,Neutral,Suspicion,Neutral,Unknown,Neutral,Neutral,Neutral,Ally,Ally,Neutral,Friendly,Ally,Friendly,Suspicion,Ally,Ally,Friendly,Friendly,Neutral,Unknown,Neutral,Rival,Ally,Unknown,Neutral,Ally,Neutral,Neutral,Suspicion,Unknown,Enemy,Ally,Neutral,Neutral,Neutral,Unknown,Rival,Neutral,Unknown,Ally,Suspicion,Ally,Suspicion,Friendly,Ally,Neutral,Ally,Neutral,Neutral,Enemy
Olanuecia,Friendly,Enemy,Friendly,Friendly,Ally,Neutral,Ally,Enemy,Suspicion,Neutral,Neutral,Friendly,Neutral,Neutral,Neutral,Friendly,Suspicion,Neutral,Friendly,Neutral,Neutral,Neutral,Neutral,Neutral,Neutral,Neutral,Neutral,Neutral,Neutral,Unknown,Neutral,Friendly,Unknown,Friendly,Neutral,Neutral,Neutral,Unknown,Neutral,Neutral,Neutral,Neutral,x,Friendly,Neutral,Neutral,Neutral,Neutral,Friendly,Unknown,Friendly,Neutral,Neutral,Neutral,Neutral,Neutral,Neutral,Neutral,Neutral,Neutral,Neutral,Friendly,Neutral,Unknown,Unknown,Friendly,Friendly,Neutral,Neutral,Neutral,Unknown,Unknown,Unknown,Neutral,Unknown,Neutral,Suspicion,Unknown,Friendly,Unknown,Neutral,Neutral,Friendly,Neutral,Neutral,Neutral,Suspicion,Unknown,Unknown,Neutral,Neutral,Neutral,Friendly,Neutral,Neutral,Neutral,Neutral,Unknown,Neutral
Belarate,Neutral,Neutral,Unknown,Unknown,Neutral,Suspicion,Neutral,Neutral,Neutral,Neutral,Suspicion,Unknown,Neutral,Suspicion,Neutral,Unknown,Unknown,Ally,Unknown,Rival,Neutral,Neutral,Neutral,Neutral,Neutral,Unknown,Ally,Neutral,Unknown,Neutral,Neutral,Unknown,Neutral,Neutral,Ally,Neutral,Neutral,Neutral,Neutral,Enemy,Neutral,Suspicion,Friendly,x,Friendly,Enemy,Neutral,Ally,Unknown,Unknown,Suzerain,Neutral,Unknown,Unknown,Friendly,Neutral,Suspicion,Neutral,Rival,Friendly,Neutral,Neutral,Unknown,Unknown,Friendly,Unknown,Unknown,Ally,Neutral,Unknown,Ally,Friendly,Suspicion,Neutral,Friendly,Neutral,Friendly,Neutral,Neutral,Neutral,Suspicion,Enemy,Neutral,Neutral,Neutral,Suspicion,Neutral,Neutral,Friendly,Ally,Unknown,Rival,Unknown,Unknown,Neutral,Suspicion,Suspicion,Unknown,Unknown
Galanagia,Neutral,Unknown,Neutral,Neutral,Neutral,Neutral,Unknown,Suspicion,Suspicion,Neutral,Unknown,Neutral,Neutral,Ally,Neutral,Neutral,Neutral,Neutral,Neutral,Enemy,Unknown,Unknown,Neutral,Neutral,Neutral,Neutral,Friendly,Friendly,Neutral,Neutral,Neutral,Neutral,Unknown,Suspicion,Neutral,Neutral,Unknown,Neutral,Suspicion,Suspicion,Friendly,Neutral,Neutral,Friendly,x,Suspicion,Neutral,Unknown,Neutral,Neutral,Friendly,Neutral,Friendly,Neutral,Suzerain,Neutral,Neutral,Friendly,Suspicion,Neutral,Friendly,Neutral,Unknown,Friendly,Neutral,Neutral,Neutral,Neutral,Friendly,Unknown,Friendly,Neutral,Neutral,Neutral,Neutral,Suspicion,Unknown,Suspicion,Neutral,Neutral,Neutral,Unknown,Suspicion,Neutral,Friendly,Rival,Neutral,Neutral,Neutral,Suspicion,Unknown,Ally,Neutral,Unknown,Neutral,Neutral,Unknown,Neutral,Neutral
Fabretria,Unknown,Unknown,Suspicion,Suspicion,Neutral,Rival,Neutral,Neutral,Suspicion,Unknown,Friendly,Suspicion,Neutral,Neutral,Suspicion,Suspicion,Enemy,Suspicion,Suspicion,Unknown,Neutral,Neutral,Unknown,Enemy,Suspicion,Neutral,Enemy,Neutral,Neutral,Neutral,Neutral,Suspicion,Unknown,Unknown,Suspicion,Suspicion,Neutral,Unknown,Neutral,Vassal,Friendly,Rival,Neutral,Enemy,Suspicion,x,Suspicion,Neutral,Suspicion,Neutral,Enemy,Unknown,Neutral,Neutral,Suspicion,Suspicion,Rival,Friendly,Neutral,Ally,Friendly,Friendly,Suspicion,Suspicion,Suspicion,Suspicion,Suspicion,Suspicion,Neutral,Ally,Enemy,Suspicion,Neutral,Suspicion,Suspicion,Neutral,Unknown,Neutral,Neutral,Neutral,Rival,Neutral,Unknown,Neutral,Neutral,Suspicion,Neutral,Unknown,Suspicion,Ally,Unknown,Enemy,Suspicion,Unknown,Neutral,Rival,Neutral,Suspicion,Unknown
Karala,Ally,Neutral,Friendly,Friendly,Unknown,Neutral,Neutral,Neutral,Unknown,Neutral,Unknown,Friendly,Ally,Suspicion,Neutral,Friendly,Unknown,Friendly,Friendly,Neutral,Neutral,Neutral,Rival,Neutral,Enemy,Unknown,Unknown,Unknown,Suspicion,Neutral,Ally,Friendly,Neutral,Neutral,Friendly,Vassal,Neutral,Neutral,Enemy,Suspicion,Neutral,Neutral,Neutral,Neutral,Neutral,Suspicion,x,Ally,Friendly,Unknown,Neutral,Unknown,Neutral,Neutral,Neutral,Ally,Neutral,Neutral,Neutral,Unknown,Neutral,Unknown,Unknown,Neutral,Unknown,Friendly,Friendly,Friendly,Neutral,Unknown,Friendly,Unknown,Neutral,Ally,Unknown,Neutral,Neutral,Suspicion,Neutral,Unknown,Neutral,Neutral,Neutral,Unknown,Neutral,Neutral,Friendly,Friendly,Unknown,Unknown,Neutral,Suspicion,Friendly,Neutral,Unknown,Neutral,Neutral,Unknown,Unknown
Pithus,Neutral,Unknown,Neutral,Neutral,Neutral,Neutral,Suspicion,Unknown,Suspicion,Neutral,Neutral,Neutral,Friendly,Neutral,Neutral,Neutral,Neutral,Neutral,Neutral,Neutral,Ally,Unknown,Friendly,Suspicion,Neutral,Neutral,Neutral,Neutral,Unknown,Unknown,Unknown,Neutral,Neutral,Unknown,Neutral,Ally,Unknown,Unknown,Neutral,Neutral,Neutral,Neutral,Neutral,Ally,Unknown,Neutral,Ally,x,Neutral,Neutral,Ally,Unknown,Neutral,Neutral,Unknown,Ally,Neutral,Neutral,Unknown,Neutral,Neutral,Suspicion,Neutral,Enemy,Neutral,Neutral,Neutral,Neutral,Unknown,Unknown,Neutral,Neutral,Suspicion,Ally,Neutral,Neutral,Unknown,Unknown,Enemy,Friendly,Neutral,Neutral,Unknown,Suspicion,Neutral,Neutral,Unknown,Rival,Neutral,Unknown,Unknown,Neutral,Neutral,Unknown,Neutral,Neutral,Suspicion,Suspicion,Neutral
Bainosia,Ally,Suspicion,Vassal,Ally,Suspicion,Friendly,Ally,Ally,Neutral,Enemy,Neutral,Ally,Friendly,Neutral,Ally,Ally,Friendly,Unknown,Ally,Neutral,Ally,Neutral,Ally,Unknown,Friendly,Friendly,Unknown,Unknown,Unknown,Neutral,Neutral,Ally,Neutral,Ally,Unknown,Friendly,Unknown,Neutral,Suspicion,Suspicion,Ally,Friendly,Friendly,Unknown,Neutral,Suspicion,Friendly,Neutral,x,Neutral,Unknown,Neutral,Neutral,Neutral,Neutral,Friendly,Friendly,Ally,Suspicion,Neutral,Ally,Unknown,Neutral,Enemy,Friendly,Ally,Ally,Unknown,Neutral,Neutral,Friendly,Friendly,Neutral,Friendly,Friendly,Suspicion,Neutral,Unknown,Enemy,Enemy,Friendly,Neutral,Ally,Suspicion,Suspicion,Suspicion,Unknown,Neutral,Friendly,Neutral,Neutral,Neutral,Ally,Neutral,Suspicion,Friendly,Neutral,Neutral,Suspicion
Kanvaho,Unknown,Neutral,Neutral,Neutral,Unknown,Neutral,Neutral,Neutral,Unknown,Unknown,Neutral,Neutral,Suspicion,Neutral,Neutral,Neutral,Neutral,Unknown,Neutral,Unknown,Neutral,Neutral,Unknown,Neutral,Unknown,Neutral,Unknown,Friendly,Neutral,Unknown,Neutral,Neutral,Unknown,Neutral,Unknown,Unknown,Neutral,Neutral,Neutral,Neutral,Neutral,Neutral,Unknown,Unknown,Neutral,Neutral,Unknown,Neutral,Neutral,x,Unknown,Neutral,Neutral,Neutral,Neutral,Unknown,Neutral,Neutral,Neutral,Suspicion,Neutral,Neutral,Neutral,Unknown,Suspicion,Neutral,Neutral,Unknown,Neutral,Neutral,Neutral,Suspicion,Neutral,Unknown,Suspicion,Neutral,Ally,Unknown,Neutral,Suspicion,Neutral,Neutral,Neutral,Unknown,Neutral,Ally,Neutral,Neutral,Suspicion,Suspicion,Neutral,Neutral,Neutral,Neutral,Neutral,Neutral,Neutral,Neutral,Friendly
South,Neutral,Neutral,Unknown,Unknown,Neutral,Suspicion,Neutral,Neutral,Neutral,Neutral,Suspicion,Unknown,Neutral,Suspicion,Neutral,Unknown,Unknown,Ally,Unknown,Rival,Neutral,Neutral,Neutral,Neutral,Neutral,Unknown,Ally,Neutral,Unknown,Neutral,Neutral,Unknown,Neutral,Neutral,Ally,Neutral,Neutral,Neutral,Neutral,Enemy,Neutral,Suspicion,Friendly,Vassal,Friendly,Enemy,Neutral,Ally,Unknown,Unknown,x,Neutral,Unknown,Unknown,Friendly,Neutral,Suspicion,Neutral,Rival,Friendly,Neutral,Neutral,Unknown,Unknown,Friendly,Unknown,Unknown,Ally,Neutral,Unknown,Ally,Friendly,Suspicion,Neutral,Friendly,Neutral,Friendly,Neutral,Neutral,Neutral,Suspicion,Enemy,Neutral,Neutral,Neutral,Suspicion,Neutral,Neutral,Friendly,Ally,Unknown,Rival,Unknown,Unknown,Neutral,Suspicion,Suspicion,Unknown,Unknown
Velekia,Neutral,Neutral,Neutral,Neutral,Suspicion,Neutral,Suspicion,Suspicion,Neutral,Suspicion,Neutral,Neutral,Neutral,Neutral,Unknown,Neutral,Neutral,Unknown,Neutral,Neutral,Neutral,Suspicion,Neutral,Neutral,Suspicion,Neutral,Unknown,Neutral,Unknown,Unknown,Unknown,Neutral,Unknown,Suspicion,Unknown,Unknown,Neutral,Neutral,Suspicion,Unknown,Neutral,Neutral,Neutral,Neutral,Neutral,Unknown,Unknown,Unknown,Neutral,Neutral,Neutral,x,Neutral,Neutral,Neutral,Unknown,Neutral,Neutral,Neutral,Neutral,Neutral,Friendly,Neutral,Suspicion,Neutral,Neutral,Neutral,Unknown,Neutral,Unknown,Unknown,Neutral,Unknown,Unknown,Neutral,Neutral,Neutral,Neutral,Neutral,Unknown,Neutral,Friendly,Suspicion,Unknown,Suspicion,Neutral,Neutral,Unknown,Neutral,Unknown,Unknown,Neutral,Neutral,Unknown,Neutral,Neutral,Unknown,Neutral,Neutral
Camedinia,Neutral,Enemy,Neutral,Neutral,Ally,Unknown,Neutral,Neutral,Unknown,Neutral,Neutral,Neutral,Neutral,Neutral,Neutral,Neutral,Suspicion,Suspicion,Neutral,Neutral,Unknown,Neutral,Unknown,Neutral,Neutral,Neutral,Unknown,Neutral,Rival,Suspicion,Unknown,Neutral,Neutral,Friendly,Suspicion,Neutral,Ally,Enemy,Neutral,Neutral,Unknown,Unknown,Neutral,Unknown,Friendly,Neutral,Neutral,Neutral,Neutral,Neutral,Unknown,Neutral,x,Unknown,Friendly,Neutral,Unknown,Unknown,Suspicion,Neutral,Unknown,Suspicion,Unknown,Unknown,Friendly,Neutral,Neutral,Suspicion,Unknown,Neutral,Neutral,Friendly,Ally,Neutral,Friendly,Suspicion,Unknown,Rival,Unknown,Unknown,Unknown,Neutral,Friendly,Suspicion,Rival,Rival,Neutral,Unknown,Friendly,Ally,Unknown,Unknown,Neutral,Unknown,Suspicion,Unknown,Suspicion,Neutral,Friendly
Heipuhia,Unknown,Neutral,Neutral,Neutral,Unknown,Neutral,Neutral,Neutral,Neutral,Neutral,Friendly,Neutral,Suspicion,Suspicion,Neutral,Neutral,Ally,Unknown,Neutral,Neutral,Neutral,Neutral,Neutral,Neutral,Neutral,Unknown,Suspicion,Neutral,Neutral,Unknown,Suspicion,Neutral,Ally,Neutral,Unknown,Neutral,Neutral,Friendly,Friendly,Neutral,Suspicion,Neutral,Neutral,Unknown,Neutral,Neutral,Neutral,Neutral,Neutral,Neutral,Unknown,Neutral,Unknown,x,Neutral,Neutral,Neutral,Suspicion,Unknown,Neutral,Suspicion,Neutral,Unknown,Unknown,Neutral,Neutral,Neutral,Unknown,Neutral,Suspicion,Unknown,Neutral,Unknown,Neutral,Neutral,Unknown,Unknown,Neutral,Neutral,Friendly,Neutral,Unknown,Neutral,Unknown,Suspicion,Neutral,Neutral,Unknown,Neutral,Neutral,Ally,Unknown,Neutral,Ally,Neutral,Neutral,Neutral,Suspicion,Enemy
Solia,Neutral,Unknown,Neutral,Neutral,Neutral,Neutral,Unknown,Suspicion,Suspicion,Neutral,Unknown,Neutral,Neutral,Ally,Neutral,Neutral,Neutral,Neutral,Neutral,Enemy,Unknown,Unknown,Neutral,Neutral,Neutral,Neutral,Friendly,Friendly,Neutral,Neutral,Neutral,Neutral,Unknown,Suspicion,Neutral,Neutral,Unknown,Neutral,Suspicion,Suspicion,Friendly,Neutral,Neutral,Friendly,Vassal,Suspicion,Neutral,Unknown,Neutral,Neutral,Friendly,Neutral,Friendly,Neutral,x,Neutral,Neutral,Friendly,Suspicion,Neutral,Friendly,Neutral,Unknown,Friendly,Neutral,Neutral,Neutral,Neutral,Friendly,Unknown,Friendly,Neutral,Neutral,Neutral,Neutral,Suspicion,Unknown,Suspicion,Neutral,Neutral,Neutral,Unknown,Suspicion,Neutral,Friendly,Rival,Neutral,Neutral,Neutral,Suspicion,Unknown,Ally,Neutral,Unknown,Neutral,Neutral,Unknown,Neutral,Neutral
Sokia,Ally,Neutral,Friendly,Friendly,Unknown,Neutral,Neutral,Neutral,Unknown,Neutral,Unknown,Friendly,Ally,Suspicion,Neutral,Friendly,Unknown,Friendly,Friendly,Neutral,Neutral,Neutral,Rival,Neutral,Enemy,Unknown,Unknown,Unknown,Suspicion,Neutral,Ally,Friendly,Neutral,Neutral,Friendly,Vassal,Neutral,Neutral,Enemy,Suspicion,Neutral,Neutral,Neutral,Neutral,Neutral,Suspicion,Ally,Ally,Friendly,Unknown,Neutral,Unknown,Neutral,Neutral,Neutral,x,Neutral,Neutral,Neutral,Unknown,Neutral,Unknown,Unknown,Neutral,Unknown,Friendly,Friendly,Friendly,Neutral,Unknown,Friendly,Unknown,Neutral,Ally,Unknown,Neutral,Neutral,Suspicion,Neutral,Unknown,Neutral,Neutral,Neutral,Unknown,Neutral,Neutral,Friendly,Friendly,Unknown,Unknown,Neutral,Suspicion,Friendly,Neutral,Unknown,Neutral,Neutral,Unknown,Unknown
Golyn,Ally,Neutral,Friendly,Friendly,Friendly,Vassal,Friendly,Ally,Ally,Unknown,Unknown,Friendly,Neutral,Ally,Neutral,Friendly,Neutral,Neutral,Friendly,Enemy,Neutral,Neutral,Unknown,Neutral,Neutral,Neutral,Rival,Suspicion,Friendly,Unknown,Neutral,Friendly,Unknown,Neutral,Neutral,Neutral,Unknown,Neutral,Neutral,Rival,Ally,Ally,Neutral,Suspicion,Neutral,Rival,Neutral,Neutral,Friendly,Neutral,Suspicion,Neutral,Unknown,Neutral,Neutral,Neutral,x,Ally,Neutral,Friendly,Ally,Friendly,Suspicion,Ally,Ally,Friendly,Friendly,Neutral,Unknown,Neutral,Rival,Ally,Unknown,Neutral,Ally,Neutral,Neutral,Suspicion,Unknown,Enemy,Ally,Neutral,Neutral,Neutral,Unknown,Rival,Neutral,Unknown,Ally,Suspicion,Ally,Suspicion,Friendly,Ally,Neutral,Ally,Neutral,Neutral,Enemy
Ipususia,Unknown,Neutral,Ally,Ally,Neutral,Ally,Neutral,Neutral,Neutral,Unknown,Neutral,Ally,Suspicion,Neutral,Unknown,Ally,Friendly,Suspicion,Ally,Suspicion,Neutral,Unknown,Neutral,Neutral,Suspicion,Neutral,Neutral,Neutral,Unknown,Neutral,Neutral,Ally,Neutral,Unknown,Suspicion,Neutral,Unknown,Neutral,Suspicion,Friendly,Vassal,Ally,Neutral,Neutral,Friendly,Friendly,Neutral,Neutral,Ally,Neutral,Neutral,Neutral,Unknown,Suspicion,Friendly,Neutral,Ally,x,Unknown,Unknown,Ally,Neutral,Neutral,Neutral,Ally,Ally,Ally,Suspicion,Neutral,Unknown,Unknown,Ally,Unknown,Neutral,Ally,Suspicion,Ally,Friendly,Neutral,Enemy,Ally,Neutral,Unknown,Ally,Suspicion,Ally,Friendly,Neutral,Ally,Unknown,Suspicion,Neutral,Ally,Suspicion,Neutral,Ally,Friendly,Ally,Ally
Segenland,Neutral,Neutral,Suspicion,Suspicion,Unknown,Neutral,Neutral,Neutral,Unknown,Neutral,Unknown,Suspicion,Friendly,Neutral,Unknown,Suspicion,Neutral,Unknown,Suspicion,Enemy,Neutral,Unknown,Unknown,Suspicion,Neutral,Unknown,Suspicion,Unknown,Rival,Neutral,Neutral,Suspicion,Neutral,Neutral,Unknown,Neutral,Suspicion,Suspicion,Neutral,Neutral,Unknown,Neutral,Neutral,Rival,Suspicion,Neutral,Neutral,Unknown,Suspicion,Neutral,Rival,Neutral,Suspicion,Unknown,Suspicion,Neutral,Neutral,Unknown,x,Suspicion,Unknown,Suspicion,Friendly,Neutral,Suspicion,Suspicion,Suspicion,Unknown,Neutral,Neutral,Unknown,Suspicion,Unknown,Neutral,Suspicion,Ally,Friendly,Ally,Neutral,Neutral,Neutral,Neutral,Neutral,Unknown,Suspicion,Rival,Neutral,Neutral,Suspicion,Neutral,Neutral,Rival,Suspicion,Neutral,Neutral,Neutral,Unknown,Neutral,Neutral
Mstia,Suspicion,Neutral,Neutral,Neutral,Neutral,Friendly,Neutral,Neutral,Neutral,Suspicion,Neutral,Neutral,Neutral,Neutral,Unknown,Neutral,Unknown,Neutral,Neutral,Suspicion,Neutral,Suspicion,Friendly,Ally,Suspicion,Unknown,Neutral,Neutral,Suspicion,Neutral,Neutral,Neutral,Neutral,Neutral,Neutral,Unknown,Neutral,Neutral,Neutral,Ally,Unknown,Friendly,Neutral,Friendly,Neutral,Ally,Unknown,Neutral,Neutral,Suspicion,Friendly,Neutral,Neutral,Neutral,Neutral,Unknown,Friendly,Unknown,Suspicion,x,Unknown,Unknown,Unknown,Neutral,Unknown,Neutral,Neutral,Neutral,Neutral,Ally,Suspicion,Unknown,Unknown,Unknown,Unknown,Unknown,Unknown,Neutral,Neutral,Neutral,Friendly,Unknown,Neutral,Neutral,Neutral,Neutral,Neutral,Neutral,Unknown,Neutral,Unknown,Neutral,Neutral,Unknown,Neutral,Friendly,Neutral,Suspicion,Unknown
Lahmaa,Unknown,Neutral,Ally,Ally,Neutral,Ally,Neutral,Neutral,Neutral,Unknown,Neutral,Ally,Suspicion,Neutral,Unknown,Ally,Friendly,Suspicion,Ally,Suspicion,Neutral,Unknown,Neutral,Neutral,Suspicion,Neutral,Neutral,Neutral,Unknown,Neutral,Neutral,Ally,Neutral,Unknown,Suspicion,Neutral,Unknown,Neutral,Suspicion,Friendly,Vassal,Ally,Neutral,Neutral,Friendly,Friendly,Neutral,Neutral,Ally,Neutral,Neutral,Neutral,Unknown,Suspicion,Friendly,Neutral,Ally,Ally,Unknown,Unknown,x,Neutral,Neutral,Neutral,Ally,Ally,Ally,Suspicion,Neutral,Unknown,Unknown,Ally,Unknown,Neutral,Ally,Suspicion,Ally,Friendly,Neutral,Enemy,Ally,Neutral,Unknown,Ally,Suspicion,Ally,Friendly,Neutral,Ally,Unknown,Suspicion,Neutral,Ally,Suspicion,Neutral,Ally,Friendly,Ally,Ally
Sanselia,Neutral,Unknown,Unknown,Unknown,Neutral,Friendly,Suspicion,Friendly,Friendly,Suspicion,Neutral,Unknown,Unknown,Unknown,Neutral,Unknown,Unknown,Unknown,Unknown,Unknown,Friendly,Neutral,Neutral,Unknown,Unknown,Suspicion,Neutral,Neutral,Neutral,Unknown,Friendly,Unknown,Neutral,Neutral,Unknown,Unknown,Unknown,Neutral,Unknown,Friendly,Neutral,Friendly,Friendly,Neutral,Neutral,Friendly,Unknown,Suspicion,Unknown,Neutral,Neutral,Friendly,Suspicion,Neutral,Neutral,Unknown,Friendly,Neutral,Suspicion,Unknown,Neutral,x,Unknown,Neutral,Unknown,Unknown,Unknown,Unknown,Neutral,Neutral,Neutral,Unknown,Neutral,Unknown,Unknown,Friendly,Friendly,Unknown,Suspicion,Neutral,Friendly,Friendly,Neutral,Neutral,Unknown,Neutral,Neutral,Neutral,Unknown,Neutral,Neutral,Unknown,Unknown,Neutral,Neutral,Friendly,Unknown,Unknown,Neutral
Feland,Suspicion,Neutral,Neutral,Neutral,Unknown,Suspicion,Neutral,Neutral,Neutral,Neutral,Neutral,Neutral,Neutral,Suspicion,Neutral,Neutral,Neutral,Neutral,Neutral,Rival,Neutral,Neutral,Neutral,Neutral,Neutral,Neutral,Suspicion,Neutral,Rival,Neutral,Neutral,Neutral,Neutral,Neutral,Neutral,Unknown,Neutral,Rival,Neutral,Suspicion,Neutral,Suspicion,Neutral,Unknown,Unknown,Suspicion,Unknown,Neutral,Neutral,Neutral,Unknown,Neutral,Unknown,Unknown,Unknown,Unknown,Suspicion,Neutral,Friendly,Unknown,Neutral,Unknown,x,Neutral,Unknown,Neutral,Neutral,Neutral,Neutral,Unknown,Unknown,Unknown,Suspicion,Unknown,Unknown,Ally,Neutral,Suspicion,Unknown,Unknown,Suspicion,Neutral,Neutral,Neutral,Suspicion,Ally,Unknown,Neutral,Unknown,Suspicion,Neutral,Unknown,Neutral,Neutral,Neutral,Suspicion,Neutral,Suspicion,Unknown
Chythus,Unknown,Neutral,Enemy,Enemy,Friendly,Ally,Friendly,Neutral,Unknown,Neutral,Neutral,Enemy,Friendly,Neutral,Suspicion,Enemy,Suspicion,Neutral,Enemy,Neutral,Enemy,Neutral,Neutral,Unknown,Neutral,Unknown,Friendly,Neutral,Unknown,Unknown,Neutral,Enemy,Neutral,Suspicion,Neutral,Neutral,Unknown,Unknown,Neutral,Suspicion,Neutral,Ally,Unknown,Unknown,Friendly,Suspicion,Neutral,Enemy,Enemy,Unknown,Unknown,Suspicion,Unknown,Unknown,Friendly,Neutral,Ally,Neutral,Neutral,Neutral,Neutral,Neutral,Neutral,x,Ally,Enemy,Enemy,Neutral,Unknown,Neutral,Unknown,Ally,Neutral,Neutral,Ally,Neutral,Neutral,Suspicion,Suspicion,Neutral,Ally,Neutral,Suspicion,Neutral,Neutral,Neutral,Neutral,Neutral,Ally,Neutral,Neutral,Unknown,Enemy,Neutral,Rival,Ally,Neutral,Neutral,Friendly
Wargdon,Neutral,Unknown,Friendly,Friendly,Unknown,Ally,Unknown,Neutral,Neutral,Neutral,Unknown,Friendly,Unknown,Friendly,Neutral,Friendly,Ally,Unknown,Friendly,Rival,Neutral,Neutral,Unknown,Neutral,Unknown,Neutral,Neutral,Neutral,Ally,Unknown,Unknown,Friendly,Neutral,Neutral,Unknown,Unknown,Neutral,Friendly,Neutral,Suspicion,Ally,Ally,Unknown,Friendly,Neutral,Suspicion,Unknown,Neutral,Friendly,Suspicion,Friendly,Neutral,Friendly,Neutral,Neutral,Unknown,Ally,Ally,Suspicion,Unknown,Ally,Unknown,Unknown,Ally,x,Friendly,Friendly,Unknown,Suspicion,Neutral,Suspicion,Suzerain,Friendly,Unknown,Suzerain,Neutral,Unknown,Neutral,Unknown,Enemy,Ally,Neutral,Neutral,Unknown,Neutral,Unknown,Unknown,Friendly,Suzerain,Neutral,Friendly,Friendly,Friendly,Friendly,Suspicion,Ally,Ally,Neutral,Friendly
Carduenia,Ally,Suspicion,Vassal,Ally,Suspicion,Friendly,Ally,Ally,Neutral,Enemy,Neutral,Ally,Friendly,Neutral,Ally,Ally,Friendly,Unknown,Ally,Neutral,Ally,Neutral,Ally,Unknown,Friendly,Friendly,Unknown,Unknown,Unknown,Neutral,Neutral,Ally,Neutral,Ally,Unknown,Friendly,Unknown,Neutral,Suspicion,Suspicion,Ally,Friendly,Friendly,Unknown,Neutral,Suspicion,Friendly,Neutral,Ally,Neutral,Unknown,Neutral,Neutral,Neutral,Neutral,Friendly,Friendly,Ally,Suspicion,Neutral,Ally,Unknown,Neutral,Enemy,Friendly,x,Ally,Unknown,Neutral,Neutral,Friendly,Friendly,Neutral,Friendly,Friendly,Suspicion,Neutral,Unknown,Enemy,Enemy,Friendly,Neutral,Ally,Suspicion,Suspicion,Suspicion,Unknown,Neutral,Friendly,Neutral,Neutral,Neutral,Ally,Neutral,Suspicion,Friendly,Neutral,Neutral,Suspicion
Ininia,Ally,Suspicion,Vassal,Ally,Suspicion,Friendly,Ally,Ally,Neutral,Enemy,Neutral,Ally,Friendly,Neutral,Ally,Ally,Friendly,Unknown,Ally,Neutral,Ally,Neutral,Ally,Unknown,Friendly,Friendly,Unknown,Unknown,Unknown,Neutral,Neutral,Ally,Neutral,Ally,Unknown,Friendly,Unknown,Neutral,Suspicion,Suspicion,Ally,Friendly,Friendly,Unknown,Neutral,Suspicion,Friendly,Neutral,Ally,Neutral,Unknown,Neutral,Neutral,Neutral,Neutral,Friendly,Friendly,Ally,Suspicion,Neutral,Ally,Unknown,Neutral,Enemy,Friendly,Ally,x,Unknown,Neutral,Neutral,Friendly,Friendly,Neutral,Friendly,Friendly,Suspicion,Neutral,Unknown,Enemy,Enemy,Friendly,Neutral,Ally,Suspicion,Suspicion,Suspicion,Unknown,Neutral,Friendly,Neutral,Neutral,Neutral,Ally,Neutral,Suspicion,Friendly,Neutral,Neutral,Suspicion
Belcanolia,Neutral,Neutral,Unknown,Unknown,Neutral,Neutral,Friendly,Neutral,Neutral,Enemy,Neutral,Unknown,Neutral,Ally,Neutral,Unknown,Neutral,Vassal,Unknown,Enemy,Neutral,Unknown,Unknown,Neutral,Neutral,Suspicion,Neutral,Neutral,Unknown,Neutral,Unknown,Unknown,Unknown,Ally,Ally,Friendly,Neutral,Neutral,Neutral,Suspicion,Suspicion,Neutral,Neutral,Ally,Neutral,Suspicion,Friendly,Neutral,Unknown,Unknown,Ally,Unknown,Suspicion,Unknown,Neutral,Friendly,Neutral,Suspicion,Unknown,Neutral,Suspicion,Unknown,Neutral,Neutral,Unknown,Unknown,Unknown,x,Unknown,Neutral,Suspicion,Unknown,Neutral,Friendly,Unknown,Neutral,Suspicion,Neutral,Neutral,Neutral,Neutral,Enemy,Ally,Neutral,Unknown,Unknown,Neutral,Unknown,Unknown,Unknown,Unknown,Neutral,Unknown,Unknown,Neutral,Neutral,Unknown,Unknown,Neutral
Moriz,Neutral,Neutral,Neutral,Neutral,Neutral,Unknown,Neutral,Unknown,Neutral,Neutral,Neutral,Neutral,Unknown,Ally,Neutral,Neutral,Neutral,Unknown,Neutral,Neutral,Neutral,Friendly,Unknown,Neutral,Neutral,Neutral,Suspicion,Neutral,Friendly,Neutral,Neutral,Neutral,Unknown,Neutral,Unknown,Neutral,Neutral,Neutral,Neutral,Neutral,Neutral,Unknown,Neutral,Neutral,Friendly,Neutral,Neutral,Unknown,Neutral,Neutral,Neutral,Neutral,Unknown,Neutral,Friendly,Neutral,Unknown,Neutral,Neutral,Neutral,Neutral,Neutral,Neutral,Unknown,Suspicion,Neutral,Neutral,Unknown,x,Neutral,Neutral,Suspicion,Neutral,Neutral,Suspicion,Neutral,Neutral,Neutral,Neutral,Unknown,Unknown,Unknown,Neutral,Neutral,Neutral,Friendly,Neutral,Neutral,Suspicion,Neutral,Neutral,Neutral,Neutral,Neutral,Neutral,Unknown,Unknown,Neutral,Neutral
Romnyia,Neutral,Neutral,Neutral,Neutral,Neutral,Neutral,Neutral,Friendly,Suspicion,Neutral,Unknown,Neutral,Suspicion,Neutral,Neutral,Neutral,Neutral,Neutral,Neutral,Neutral,Neutral,Neutral,Suspicion,Suspicion,Neutral,Friendly,Neutral,Neutral,Neutral,Suspicion,Unknown,Neutral,Neutral,Neutral,Neutral,Unknown,Neutral,Neutral,Neutral,Ally,Unknown,Neutral,Neutral,Unknown,Unknown,Ally,Unknown,Unknown,Neutral,Neutral,Unknown,Unknown,Neutral,Suspicion,Unknown,Unknown,Neutral,Unknown,Neutral,Ally,Unknown,Neutral,Unknown,Neutral,Neutral,Neutral,Neutral,Neutral,Neutral,x,Suspicion,Neutral,Unknown,Unknown,Neutral,Friendly,Neutral,Neutral,Neutral,Neutral,Neutral,Unknown,Neutral,Unknown,Unknown,Neutral,Friendly,Suspicion,Neutral,Unknown,Neutral,Neutral,Neutral,Neutral,Suspicion,Neutral,Unknown,Unknown,Neutral
Dmitnia,Neutral,Neutral,Friendly,Friendly,Neutral,Rival,Suspicion,Unknown,Unknown,Unknown,Unknown,Friendly,Friendly,Suspicion,Neutral,Friendly,Ally,Suspicion,Friendly,Neutral,Neutral,Friendly,Neutral,Ally,Unknown,Neutral,Ally,Suspicion,Friendly,Suspicion,Suspicion,Friendly,Friendly,Unknown,Suspicion,Friendly,Friendly,Neutral,Neutral,Enemy,Unknown,Rival,Unknown,Ally,Friendly,Enemy,Friendly,Neutral,Friendly,Neutral,Ally,Unknown,Neutral,Unknown,Friendly,Friendly,Rival,Unknown,Unknown,Suspicion,Unknown,Neutral,Unknown,Unknown,Suspicion,Friendly,Friendly,Suspicion,Neutral,Suspicion,x,Suspicion,Suspicion,Friendly,Suspicion,Suspicion,Suspicion,Unknown,Unknown,Unknown,Rival,Neutral,Unknown,Suspicion,Unknown,Unknown,Unknown,Neutral,Suspicion,Neutral,Unknown,Ally,Friendly,Unknown,Suspicion,Rival,Suspicion,Unknown,Neutral
Pentefland,Neutral,Unknown,Friendly,Friendly,Unknown,Ally,Unknown,Neutral,Neutral,Neutral,Unknown,Friendly,Unknown,Friendly,Neutral,Friendly,Ally,Unknown,Friendly,Rival,Neutral,Neutral,Unknown,Neutral,Unknown,Neutral,Neutral,Neutral,Ally,Unknown,Unknown,Friendly,Neutral,Neutral,Unknown,Unknown,Neutral,Friendly,Neutral,Suspicion,Ally,Ally,Unknown,Friendly,Neutral,Suspicion,Unknown,Neutral,Friendly,Suspicion,Friendly,Neutral,Friendly,Neutral,Neutral,Unknown,Ally,Ally,Suspicion,Unknown,Ally,Unknown,Unknown,Ally,Vassal,Friendly,Friendly,Unknown,Suspicion,Neutral,Suspicion,x,Friendly,Unknown,Ally,Neutral,Unknown,Neutral,Unknown,Enemy,Ally,Neutral,Neutral,Unknown,Neutral,Unknown,Unknown,Friendly,Ally,Neutral,Friendly,Friendly,Friendly,Friendly,Suspicion,Ally,Ally,Neutral,Friendly
Macking,Neutral,Neutral,Neutral,Neutral,Neutral,Unknown,Neutral,Neutral,Unknown,Neutral,Unknown,Neutral,Friendly,Neutral,Neutral,Neutral,Neutral,Neutral,Neutral,Rival,Unknown,Neutral,Neutral,Neutral,Suspicion,Unknown,Neutral,Neutral,Ally,Neutral,Unknown,Neutral,Neutral,Unknown,Neutral,Neutral,Ally,Enemy,Neutral,Neutral,Unknown,Unknown,Unknown,Suspicion,Neutral,Neutral,Neutral,Suspicion,Neutral,Neutral,Suspicion,Unknown,Ally,Unknown,Neutral,Neutral,Unknown,Unknown,Unknown,Unknown,Unknown,Neutral,Suspicion,Neutral,Friendly,Neutral,Neutral,Neutral,Neutral,Unknown,Suspicion,Friendly,x,Neutral,Friendly,Neutral,Neutral,Neutral,Neutral,Unknown,Unknown,Friendly,Unknown,Unknown,Unknown,Suspicion,Neutral,Neutral,Friendly,Unknown,Neutral,Neutral,Neutral,Neutral,Neutral,Unknown,Neutral,Neutral,Neutral
Kisia,Ally,Neutral,Friendly,Friendly,Unknown,Neutral,Neutral,Neutral,Unknown,Neutral,Unknown,Friendly,Ally,Suspicion,Neutral,Friendly,Unknown,Friendly,Friendly,Neutral,Neutral,Neutral,Rival,Neutral,Enemy,Unknown,Unknown,Unknown,Suspicion,Neutral,Ally,Friendly,Neutral,Neutral,Friendly,Vassal,Neutral,Neutral,Enemy,Suspicion,Neutral,Neutral,Neutral,Neutral,Neutral,Suspicion,Ally,Ally,Friendly,Unknown,Neutral,Unknown,Neutral,Neutral,Neutral,Ally,Neutral,Neutral,Neutral,Unknown,Neutral,Unknown,Unknown,Neutral,Unknown,Friendly,Friendly,Friendly,Neutral,Unknown,Friendly,Unknown,Neutral,x,Unknown,Neutral,Neutral,Suspicion,Neutral,Unknown,Neutral,Neutral,Neutral,Unknown,Neutral,Neutral,Friendly,Friendly,Unknown,Unknown,Neutral,Suspicion,Friendly,Neutral,Unknown,Neutral,Neutral,Unknown,Unknown
Lympscomia,Neutral,Unknown,Friendly,Friendly,Unknown,Ally,Unknown,Neutral,Neutral,Neutral,Unknown,Friendly,Unknown,Friendly,Neutral,Friendly,Ally,Unknown,Friendly,Rival,Neutral,Neutral,Unknown,Neutral,Unknown,Neutral,Neutral,Neutral,Ally,Unknown,Unknown,Friendly,Neutral,Neutral,Unknown,Unknown,Neutral,Friendly,Neutral,Suspicion,Ally,Ally,Unknown,Friendly,Neutral,Suspicion,Unknown,Neutral,Friendly,Suspicion,Friendly,Neutral,Friendly,Neutral,Neutral,Unknown,Ally,Ally,Suspicion,Unknown,Ally,Unknown,Unknown,Ally,Vassal,Friendly,Friendly,Unknown,Suspicion,Neutral,Suspicion,Ally,Friendly,Unknown,x,Neutral,Unknown,Neutral,Unknown,Enemy,Ally,Neutral,Neutral,Unknown,Neutral,Unknown,Unknown,Friendly,Ally,Neutral,Friendly,Friendly,Friendly,Friendly,Suspicion,Ally,Ally,Neutral,Friendly
Hajala,Neutral,Unknown,Suspicion,Suspicion,Unknown,Neutral,Friendly,Unknown,Unknown,Friendly,Neutral,Suspicion,Unknown,Unknown,Neutral,Suspicion,Neutral,Neutral,Suspicion,Suspicion,Unknown,Neutral,Suspicion,Unknown,Neutral,Neutral,Neutral,Unknown,Unknown,Unknown,Unknown,Suspicion,Unknown,Neutral,Neutral,Neutral,Unknown,Neutral,Neutral,Neutral,Suspicion,Neutral,Neutral,Neutral,Suspicion,Neutral,Neutral,Neutral,Suspicion,Neutral,Neutral,Neutral,Suspicion,Unknown,Suspicion,Neutral,Neutral,Suspicion,Ally,Unknown,Suspicion,Friendly,Ally,Neutral,Neutral,Suspicion,Suspicion,Neutral,Neutral,Friendly,Suspicion,Neutral,Neutral,Neutral,Neutral,x,Rival,Rival,Unknown,Unknown,Neutral,Neutral,Neutral,Friendly,Neutral,Suspicion,Neutral,Unknown,Neutral,Neutral,Neutral,Neutral,Suspicion,Neutral,Neutral,Neutral,Neutral,Neutral,Unknown
Kalmaa,Neutral,Neutral,Neutral,Neutral,Unknown,Neutral,Neutral,Neutral,Neutral,Unknown,Neutral,Neutral,Neutral,Unknown,Neutral,Neutral,Neutral,Suspicion,Neutral,Suspicion,Neutral,Suspicion,Neutral,Neutral,Neutral,Neutral,Suspicion,Neutral,Neutral,Friendly,Unknown,Neutral,Friendly,Unknown,Suspicion,Neutral,Unknown,Suspicion,Neutral,Unknown,Ally,Neutral,Suspicion,Friendly,Unknown,Unknown,Neutral,Unknown,Neutral,Ally,Friendly,Neutral,Unknown,Unknown,Unknown,Neutral,Neutral,Ally,Friendly,Unknown,Ally,Friendly,Neutral,Neutral,Unknown,Neutral,Neutral,Suspicion,Neutral,Neutral,Suspicion,Unknown,Neutral,Neutral,Unknown,Rival,x,Neutral,Neutral,Enemy,Neutral,Neutral,Unknown,Unknown,Neutral,Suspicion,Neutral,Unknown,Unknown,Suspicion,Suspicion,Neutral,Neutral,Suspicion,Neutral,Neutral,Unknown,Friendly,Suspicion
Guhaufin,Unknown,Suspicion,Unknown,Unknown,Unknown,Suspicion,Neutral,Unknown,Neutral,Neutral,Unknown,Unknown,Neutral,Unknown,Unknown,Unknown,Neutral,Neutral,Unknown,Enemy,Suspicion,Unknown,Neutral,Neutral,Neutral,Neutral,Suspicion,Neutral,Rival,Unknown,Unknown,Unknown,Ally,Unknown,Neutral,Suspicion,Unknown,Neutral,Neutral,Neutral,Friendly,Suspicion,Unknown,Neutral,Suspicion,Neutral,Suspicion,Unknown,Unknown,Unknown,Neutral,Neutral,Rival,Neutral,Suspicion,Suspicion,Suspicion,Friendly,Ally,Neutral,Friendly,Unknown,Suspicion,Suspicion,Neutral,Unknown,Unknown,Neutral,Neutral,Neutral,Unknown,Neutral,Neutral,Suspicion,Neutral,Rival,Neutral,x,Neutral,Unknown,Suspicion,Friendly,Unknown,Suspicion,Neutral,Suspicion,Unknown,Neutral,Neutral,Rival,Ally,Rival,Unknown,Ally,Neutral,Suspicion,Unknown,Unknown,Enemy
Agria,Neutral,Unknown,Enemy,Enemy,Neutral,Unknown,Friendly,Unknown,Friendly,Unknown,Suspicion,Enemy,Neutral,Unknown,Unknown,Enemy,Unknown,Neutral,Enemy,Unknown,Enemy,Neutral,Unknown,Unknown,Neutral,Friendly,Neutral,Neutral,Suspicion,Neutral,Unknown,Enemy,Neutral,Neutral,Neutral,Neutral,Unknown,Neutral,Suspicion,Neutral,Neutral,Unknown,Friendly,Neutral,Neutral,Neutral,Neutral,Enemy,Enemy,Neutral,Neutral,Neutral,Unknown,Neutral,Neutral,Neutral,Unknown,Neutral,Neutral,Neutral,Neutral,Suspicion,Unknown,Suspicion,Unknown,Enemy,Enemy,Neutral,Neutral,Neutral,Unknown,Unknown,Neutral,Neutral,Unknown,Unknown,Neutral,Neutral,x,Neutral,Unknown,Unknown,Neutral,Neutral,Unknown,Neutral,Neutral,Unknown,Unknown,Neutral,Neutral,Suspicion,Enemy,Neutral,Suspicion,Unknown,Neutral,Suspicion,Neutral
Nivesina,Unknown,Friendly,Enemy,Enemy,Friendly,Enemy,Unknown,Unknown,Unknown,Unknown,Unknown,Enemy,Friendly,Friendly,Unknown,Enemy,Rival,Neutral,Enemy,Neutral,Suspicion,Neutral,Neutral,Neutral,Suspicion,Suspicion,Neutral,Neutral,Neutral,Unknown,Neutral,Enemy,Suspicion,Neutral,Neutral,Unknown,Unknown,Neutral,Friendly,Neutral,Enemy,Enemy,Unknown,Neutral,Neutral,Neutral,Unknown,Friendly,Enemy,Suspicion,Neutral,Unknown,Unknown,Friendly,Neutral,Unknown,Enemy,Enemy,Neutral,Neutral,Enemy,Neutral,Unknown,Neutral,Enemy,Enemy,Enemy,Neutral,Unknown,Neutral,Unknown,Enemy,Unknown,Unknown,Enemy,Unknown,Enemy,Unknown,Neutral,x,Enemy,Neutral,Neutral,Unknown,Unknown,Unknown,Neutral,Neutral,Enemy,Neutral,Neutral,Neutral,Enemy,Neutral,Suspicion,Enemy,Suspicion,Enemy,Enemy
Coliniasia,Ally,Neutral,Friendly,Friendly,Friendly,Vassal,Friendly,Ally,Ally,Unknown,Unknown,Friendly,Neutral,Ally,Neutral,Friendly,Neutral,Neutral,Friendly,Enemy,Neutral,Neutral,Unknown,Neutral,Neutral,Neutral,Rival,Suspicion,Friendly,Unknown,Neutral,Friendly,Unknown,Neutral,Neutral,Neutral,Unknown,Neutral,Neutral,Rival,Ally,Ally,Neutral,Suspicion,Neutral,Rival,Neutral,Neutral,Friendly,Neutral,Suspicion,Neutral,Unknown,Neutral,Neutral,Neutral,Ally,Ally,Neutral,Friendly,Ally,Friendly,Suspicion,Ally,Ally,Friendly,Friendly,Neutral,Unknown,Neutral,Rival,Ally,Unknown,Neutral,Ally,Neutral,Neutral,Suspicion,Unknown,Enemy,x,Neutral,Neutral,Neutral,Unknown,Rival,Neutral,Unknown,Ally,Suspicion,Ally,Suspicion,Friendly,Ally,Neutral,Ally,Neutral,Neutral,Enemy
Kismiz,Suspicion,Neutral,Neutral,Neutral,Neutral,Neutral,Neutral,Unknown,Neutral,Suspicion,Ally,Neutral,Neutral,Enemy,Neutral,Neutral,Unknown,Enemy,Neutral,Friendly,Neutral,Neutral,Unknown,Neutral,Neutral,Neutral,Unknown,Unknown,Neutral,Neutral,Neutral,Neutral,Neutral,Enemy,Enemy,Neutral,Friendly,Neutral,Neutral,Neutral,Neutral,Neutral,Neutral,Enemy,Unknown,Neutral,Neutral,Neutral,Neutral,Neutral,Enemy,Friendly,Neutral,Unknown,Unknown,Neutral,Neutral,Neutral,Neutral,Unknown,Neutral,Friendly,Neutral,Neutral,Neutral,Neutral,Neutral,Enemy,Unknown,Unknown,Neutral,Neutral,Friendly,Neutral,Neutral,Neutral,Neutral,Friendly,Unknown,Neutral,Neutral,x,Enemy,Suspicion,Neutral,Friendly,Neutral,Ally,Neutral,Neutral,Neutral,Neutral,Neutral,Neutral,Unknown,Neutral,Unknown,Unknown,Neutral
Szendhia,Suspicion,Neutral,Ally,Ally,Unknown,Neutral,Neutral,Neutral,Neutral,Enemy,Friendly,Ally,Neutral,Neutral,Neutral,Ally,Suspicion,Ally,Ally,Neutral,Neutral,Neutral,Neutral,Neutral,Neutral,Unknown,Neutral,Neutral,Unknown,Unknown,Unknown,Ally,Neutral,Vassal,Ally,Neutral,Neutral,Unknown,Neutral,Unknown,Unknown,Neutral,Friendly,Neutral,Suspicion,Unknown,Neutral,Unknown,Ally,Neutral,Neutral,Suspicion,Friendly,Neutral,Suspicion,Neutral,Neutral,Unknown,Neutral,Neutral,Unknown,Neutral,Neutral,Suspicion,Neutral,Ally,Ally,Ally,Neutral,Neutral,Unknown,Neutral,Unknown,Neutral,Neutral,Neutral,Unknown,Unknown,Neutral,Neutral,Neutral,Enemy,x,Suspicion,Neutral,Unknown,Neutral,Unknown,Neutral,Suspicion,Unknown,Neutral,Ally,Unknown,Suspicion,Neutral,Neutral,Unknown,Unknown
Pergonia,Unknown,Neutral,Suspicion,Suspicion,Neutral,Neutral,Neutral,Unknown,Neutral,Neutral,Suspicion,Suspicion,Neutral,Unknown,Neutral,Suspicion,Neutral,Neutral,Suspicion,Rival,Unknown,Unknown,Neutral,Friendly,Neutral,Neutral,Unknown,Neutral,Ally,Neutral,Unknown,Suspicion,Neutral,Suspicion,Neutral,Unknown,Unknown,Unknown,Neutral,Neutral,Ally,Neutral,Neutral,Neutral,Neutral,Neutral,Unknown,Suspicion,Suspicion,Unknown,Neutral,Unknown,Suspicion,Unknown,Neutral,Unknown,Neutral,Ally,Unknown,Neutral,Ally,Neutral,Neutral,Neutral,Unknown,Suspicion,Suspicion,Neutral,Neutral,Unknown,Suspicion,Unknown,Unknown,Unknown,Unknown,Friendly,Unknown,Suspicion,Neutral,Unknown,Neutral,Suspicion,Suspicion,x,Ally,Suspicion,Neutral,Neutral,Unknown,Ally,Friendly,Neutral,Suspicion,Friendly,Neutral,Neutral,Neutral,Friendly,Suspicion
Marolania,Neutral,Neutral,Suspicion,Suspicion,Unknown,Unknown,Friendly,Neutral,Unknown,Neutral,Unknown,Suspicion,Neutral,Unknown,Suspicion,Suspicion,Neutral,Unknown,Suspicion,Neutral,Neutral,Neutral,Ally,Unknown,Neutral,Unknown,Unknown,Neutral,Ally,Unknown,Unknown,Suspicion,Neutral,Neutral,Unknown,Neutral,Friendly,Neutral,Neutral,Neutral,Suspicion,Unknown,Neutral,Neutral,Friendly,Neutral,Neutral,Neutral,Suspicion,Neutral,Neutral,Suspicion,Rival,Suspicion,Friendly,Neutral,Unknown,Suspicion,Suspicion,Neutral,Suspicion,Unknown,Suspicion,Neutral,Neutral,Suspicion,Suspicion,Unknown,Neutral,Unknown,Unknown,Neutral,Unknown,Neutral,Neutral,Neutral,Neutral,Neutral,Unknown,Unknown,Unknown,Neutral,Neutral,Ally,x,Neutral,Unknown,Neutral,Neutral,Friendly,Unknown,Unknown,Suspicion,Unknown,Neutral,Unknown,Neutral,Unknown,Suspicion
Todtia,Neutral,Neutral,Suspicion,Suspicion,Unknown,Rival,Friendly,Unknown,Neutral,Neutral,Neutral,Suspicion,Unknown,Suspicion,Unknown,Suspicion,Neutral,Unknown,Suspicion,Neutral,Unknown,Unknown,Neutral,Suspicion,Neutral,Friendly,Suspicion,Unknown,Suspicion,Unknown,Neutral,Suspicion,Neutral,Unknown,Unknown,Neutral,Suspicion,Rival,Neutral,Suspicion,Ally,Rival,Neutral,Suspicion,Rival,Suspicion,Neutral,Neutral,Suspicion,Ally,Suspicion,Neutral,Rival,Neutral,Rival,Neutral,Rival,Ally,Rival,Neutral,Ally,Neutral,Ally,Neutral,Unknown,Suspicion,Suspicion,Unknown,Friendly,Neutral,Unknown,Unknown,Suspicion,Neutral,Unknown,Suspicion,Suspicion,Suspicion,Neutral,Unknown,Rival,Friendly,Unknown,Suspicion,Neutral,x,Unknown,Friendly,Unknown,Unknown,Rival,Suspicion,Suspicion,Rival,Friendly,Rival,Neutral,Ally,Friendly
Kulmaa,Neutral,Neutral,Unknown,Unknown,Neutral,Neutral,Neutral,Neutral,Neutral,Suspicion,Neutral,Unknown,Unknown,Unknown,Neutral,Unknown,Neutral,Neutral,Unknown,Neutral,Suspicion,Neutral,Unknown,Unknown,Neutral,Neutral,Unknown,Neutral,Neutral,Neutral,Neutral,Unknown,Neutral,Neutral,Neutral,Friendly,Ally,Enemy,Suspicion,Neutral,Friendly,Neutral,Suspicion,Neutral,Neutral,Neutral,Friendly,Unknown,Unknown,Neutral,Neutral,Neutral,Neutral,Neutral,Neutral,Friendly,Neutral,Friendly,Neutral,Neutral,Friendly,Neutral,Unknown,Neutral,Unknown,Unknown,Unknown,Neutral,Neutral,Friendly,Unknown,Unknown,Neutral,Friendly,Unknown,Neutral,Neutral,Unknown,Neutral,Neutral,Neutral,Neutral,Neutral,Neutral,Unknown,Unknown,x,Neutral,Unknown,Unknown,Neutral,Neutral,Unknown,Neutral,Neutral,Neutral,Neutral,Unknown,Suspicion
Iolesia,Neutral,Neutral,Neutral,Neutral,Neutral,Unknown,Ally,Unknown,Neutral,Unknown,Neutral,Neutral,Neutral,Suspicion,Neutral,Neutral,Neutral,Unknown,Neutral,Unknown,Neutral,Neutral,Ally,Unknown,Neutral,Neutral,Unknown,Friendly,Unknown,Neutral,Neutral,Neutral,Unknown,Unknown,Unknown,Friendly,Unknown,Neutral,Neutral,Unknown,Neutral,Unknown,Unknown,Neutral,Neutral,Unknown,Friendly,Rival,Neutral,Neutral,Neutral,Unknown,Unknown,Unknown,Neutral,Friendly,Unknown,Neutral,Neutral,Neutral,Neutral,Neutral,Neutral,Neutral,Friendly,Neutral,Neutral,Unknown,Neutral,Suspicion,Neutral,Friendly,Neutral,Friendly,Friendly,Unknown,Unknown,Neutral,Unknown,Neutral,Unknown,Ally,Unknown,Neutral,Neutral,Friendly,Neutral,x,Friendly,Neutral,Neutral,Neutral,Neutral,Neutral,Neutral,Unknown,Friendly,Unknown,Neutral
Paign,Neutral,Unknown,Friendly,Friendly,Unknown,Ally,Unknown,Neutral,Neutral,Neutral,Unknown,Friendly,Unknown,Friendly,Neutral,Friendly,Ally,Unknown,Friendly,Rival,Neutral,Neutral,Unknown,Neutral,Unknown,Neutral,Neutral,Neutral,Ally,Unknown,Unknown,Friendly,Neutral,Neutral,Unknown,Unknown,Neutral,Friendly,Neutral,Suspicion,Ally,Ally,Unknown,Friendly,Neutral,Suspicion,Unknown,Neutral,Friendly,Suspicion,Friendly,Neutral,Friendly,Neutral,Neutral,Unknown,Ally,Ally,Suspicion,Unknown,Ally,Unknown,Unknown,Ally,Vassal,Friendly,Friendly,Unknown,Suspicion,Neutral,Suspicion,Ally,Friendly,Unknown,Ally,Neutral,Unknown,Neutral,Unknown,Enemy,Ally,Neutral,Neutral,Unknown,Neutral,Unknown,Unknown,Friendly,x,Neutral,Friendly,Friendly,Friendly,Friendly,Suspicion,Ally,Ally,Neutral,Friendly
Castroria,Neutral,Neutral,Neutral,Neutral,Neutral,Suspicion,Neutral,Neutral,Neutral,Neutral,Unknown,Neutral,Neutral,Rival,Friendly,Neutral,Unknown,Unknown,Neutral,Rival,Unknown,Unknown,Neutral,Unknown,Neutral,Neutral,Ally,Unknown,Unknown,Friendly,Neutral,Neutral,Suspicion,Suspicion,Unknown,Unknown,Neutral,Unknown,Neutral,Ally,Unknown,Suspicion,Neutral,Ally,Suspicion,Ally,Unknown,Unknown,Neutral,Suspicion,Ally,Unknown,Ally,Neutral,Suspicion,Unknown,Suspicion,Unknown,Neutral,Neutral,Unknown,Neutral,Suspicion,Neutral,Neutral,Neutral,Neutral,Unknown,Neutral,Unknown,Neutral,Neutral,Unknown,Unknown,Neutral,Neutral,Suspicion,Rival,Neutral,Neutral,Suspicion,Neutral,Suspicion,Ally,Friendly,Unknown,Unknown,Neutral,Neutral,x,Neutral,Suspicion,Neutral,Neutral,Unknown,Suspicion,Neutral,Friendly,Unknown
Maururmaa,Neutral,Neutral,Neutral,Neutral,Suspicion,Ally,Neutral,Neutral,Suspicion,Neutral,Suspicion,Neutral,Neutral,Neutral,Neutral,Neutral,Neutral,Unknown,Neutral,Neutral,Suspicion,Suspicion,Neutral,Unknown,Friendly,Neutral,Neutral,Neutral,Neutral,Suspicion,Neutral,Neutral,Ally,Unknown,Unknown,Neutral,Neutral,Neutral,Friendly,Unknown,Suspicion,Ally,Neutral,Unknown,Unknown,Unknown,Neutral,Unknown,Neutral,Neutral,Unknown,Unknown,Unknown,Ally,Unknown,Neutral,Ally,Suspicion,Neutral,Unknown,Suspicion,Neutral,Neutral,Neutral,Friendly,Neutral,Neutral,Unknown,Neutral,Neutral,Unknown,Friendly,Neutral,Neutral,Friendly,Neutral,Suspicion,Ally,Neutral,Neutral,Ally,Neutral,Unknown,Friendly,Unknown,Rival,Neutral,Neutral,Friendly,Neutral,x,Ally,Neutral,Suzerain,Neutral,Ally,Ally,Ally,Enemy
Marloncigia,Neutral,Neutral,Neutral,Neutral,Neutral,Suspicion,Neutral,Ally,Friendly,Neutral,Neutral,Neutral,Neutral,Suspicion,Neutral,Neutral,Neutral,Neutral,Neutral,Suspicion,Neutral,Neutral,Unknown,Neutral,Unknown,Neutral,Rival,Neutral,Neutral,Neutral,Neutral,Neutral,Friendly,Neutral,Neutral,Suspicion,Neutral,Unknown,Neutral,Enemy,Neutral,Suspicion,Neutral,Rival,Ally,Enemy,Suspicion,Neutral,Neutral,Neutral,Rival,Neutral,Unknown,Unknown,Ally,Suspicion,Suspicion,Neutral,Rival,Neutral,Neutral,Unknown,Unknown,Unknown,Friendly,Neutral,Neutral,Neutral,Neutral,Neutral,Ally,Friendly,Neutral,Suspicion,Friendly,Neutral,Neutral,Rival,Suspicion,Neutral,Suspicion,Neutral,Neutral,Neutral,Unknown,Suspicion,Neutral,Neutral,Friendly,Suspicion,Ally,x,Neutral,Ally,Unknown,Suspicion,Suspicion,Neutral,Enemy
Pilesia,Ally,Suspicion,Vassal,Ally,Suspicion,Friendly,Ally,Ally,Neutral,Enemy,Neutral,Ally,Friendly,Neutral,Ally,Ally,Friendly,Unknown,Ally,Neutral,Ally,Neutral,Ally,Unknown,Friendly,Friendly,Unknown,Unknown,Unknown,Neutral,Neutral,Ally,Neutral,Ally,Unknown,Friendly,Unknown,Neutral,Suspicion,Suspicion,Ally,Friendly,Friendly,Unknown,Neutral,Suspicion,Friendly,Neutral,Ally,Neutral,Unknown,Neutral,Neutral,Neutral,Neutral,Friendly,Friendly,Ally,Suspicion,Neutral,Ally,Unknown,Neutral,Enemy,Friendly,Ally,Ally,Unknown,Neutral,Neutral,Friendly,Friendly,Neutral,Friendly,Friendly,Suspicion,Neutral,Unknown,Enemy,Enemy,Friendly,Neutral,Ally,Suspicion,Suspicion,Suspicion,Unknown,Neutral,Friendly,Neutral,Neutral,Neutral,x,Neutral,Suspicion,Friendly,Neutral,Neutral,Suspicion
Napenta,Neutral,Neutral,Neutral,Neutral,Suspicion,Ally,Neutral,Neutral,Suspicion,Neutral,Suspicion,Neutral,Neutral,Neutral,Neutral,Neutral,Neutral,Unknown,Neutral,Neutral,Suspicion,Suspicion,Neutral,Unknown,Friendly,Neutral,Neutral,Neutral,Neutral,Suspicion,Neutral,Neutral,Ally,Unknown,Unknown,Neutral,Neutral,Neutral,Friendly,Unknown,Suspicion,Ally,Neutral,Unknown,Unknown,Unknown,Neutral,Unknown,Neutral,Neutral,Unknown,Unknown,Unknown,Ally,Unknown,Neutral,Ally,Suspicion,Neutral,Unknown,Suspicion,Neutral,Neutral,Neutral,Friendly,Neutral,Neutral,Unknown,Neutral,Neutral,Unknown,Friendly,Neutral,Neutral,Friendly,Neutral,Suspicion,Ally,Neutral,Neutral,Ally,Neutral,Unknown,Friendly,Unknown,Rival,Neutral,Neutral,Friendly,Neutral,Vassal,Ally,Neutral,x,Neutral,Ally,Ally,Ally,Enemy
Tyridyria,Unknown,Enemy,Suspicion,Suspicion,Ally,Neutral,Neutral,Unknown,Unknown,Neutral,Neutral,Suspicion,Unknown,Neutral,Unknown,Suspicion,Rival,Neutral,Suspicion,Neutral,Friendly,Neutral,Neutral,Neutral,Unknown,Unknown,Neutral,Neutral,Neutral,Neutral,Ally,Suspicion,Unknown,Suspicion,Neutral,Unknown,Neutral,Neutral,Neutral,Neutral,Neutral,Neutral,Neutral,Neutral,Neutral,Neutral,Unknown,Neutral,Suspicion,Neutral,Neutral,Neutral,Suspicion,Neutral,Neutral,Unknown,Neutral,Neutral,Neutral,Neutral,Neutral,Neutral,Neutral,Rival,Suspicion,Suspicion,Suspicion,Neutral,Neutral,Suspicion,Suspicion,Suspicion,Neutral,Unknown,Suspicion,Neutral,Neutral,Neutral,Suspicion,Suspicion,Neutral,Unknown,Suspicion,Neutral,Neutral,Friendly,Neutral,Neutral,Suspicion,Unknown,Neutral,Unknown,Suspicion,Neutral,x,Neutral,Ally,Suspicion,Suspicion
Vetia,Ally,Neutral,Friendly,Friendly,Friendly,Vassal,Friendly,Ally,Ally,Unknown,Unknown,Friendly,Neutral,Ally,Neutral,Friendly,Neutral,Neutral,Friendly,Enemy,Neutral,Neutral,Unknown,Neutral,Neutral,Neutral,Rival,Suspicion,Friendly,Unknown,Neutral,Friendly,Unknown,Neutral,Neutral,Neutral,Unknown,Neutral,Neutral,Rival,Ally,Ally,Neutral,Suspicion,Neutral,Rival,Neutral,Neutral,Friendly,Neutral,Suspicion,Neutral,Unknown,Neutral,Neutral,Neutral,Ally,Ally,Neutral,Friendly,Ally,Friendly,Suspicion,Ally,Ally,Friendly,Friendly,Neutral,Unknown,Neutral,Rival,Ally,Unknown,Neutral,Ally,Neutral,Neutral,Suspicion,Unknown,Enemy,Ally,Neutral,Neutral,Neutral,Unknown,Rival,Neutral,Unknown,Ally,Suspicion,Ally,Suspicion,Friendly,Ally,Neutral,x,Neutral,Neutral,Enemy
Kylmaa,Neutral,Unknown,Neutral,Neutral,Neutral,Neutral,Neutral,Neutral,Unknown,Neutral,Unknown,Neutral,Ally,Suspicion,Neutral,Neutral,Rival,Unknown,Neutral,Neutral,Neutral,Friendly,Neutral,Unknown,Enemy,Neutral,Neutral,Unknown,Unknown,Neutral,Friendly,Neutral,Rival,Neutral,Unknown,Neutral,Unknown,Neutral,Enemy,Neutral,Friendly,Neutral,Neutral,Suspicion,Unknown,Neutral,Neutral,Suspicion,Neutral,Neutral,Suspicion,Unknown,Suspicion,Neutral,Unknown,Neutral,Neutral,Friendly,Unknown,Neutral,Friendly,Unknown,Neutral,Neutral,Ally,Neutral,Neutral,Unknown,Unknown,Unknown,Suspicion,Ally,Neutral,Neutral,Ally,Neutral,Unknown,Unknown,Neutral,Suspicion,Neutral,Unknown,Neutral,Neutral,Neutral,Neutral,Neutral,Friendly,Ally,Neutral,Ally,Suspicion,Neutral,Ally,Ally,Neutral,x,Rival,Enemy
Kaskia,Neutral,Unknown,Neutral,Neutral,Unknown,Neutral,Neutral,Neutral,Unknown,Unknown,Neutral,Neutral,Unknown,Friendly,Unknown,Neutral,Friendly,Unknown,Neutral,Unknown,Unknown,Unknown,Suspicion,Neutral,Unknown,Unknown,Neutral,Neutral,Unknown,Unknown,Neutral,Neutral,Ally,Unknown,Unknown,Unknown,Neutral,Neutral,Neutral,Suspicion,Ally,Neutral,Unknown,Unknown,Neutral,Suspicion,Unknown,Suspicion,Neutral,Neutral,Unknown,Neutral,Neutral,Suspicion,Neutral,Unknown,Neutral,Ally,Neutral,Suspicion,Ally,Unknown,Suspicion,Neutral,Neutral,Neutral,Neutral,Unknown,Neutral,Unknown,Unknown,Neutral,Neutral,Unknown,Neutral,Neutral,Friendly,Unknown,Suspicion,Enemy,Neutral,Unknown,Unknown,Friendly,Unknown,Ally,Unknown,Unknown,Neutral,Friendly,Ally,Neutral,Neutral,Ally,Suspicion,Neutral,Rival,x,Enemy
Maldismaa,Neutral,Unknown,Suspicion,Suspicion,Unknown,Enemy,Neutral,Unknown,Neutral,Unknown,Unknown,Suspicion,Unknown,Neutral,Neutral,Suspicion,Unknown,Neutral,Suspicion,Neutral,Neutral,Neutral,Suspicion,Unknown,Friendly,Neutral,Unknown,Suspicion,Unknown,Unknown,Unknown,Suspicion,Neutral,Unknown,Neutral,Unknown,Neutral,Neutral,Friendly,Unknown,Suspicion,Enemy,Neutral,Unknown,Neutral,Unknown,Unknown,Neutral,Suspicion,Friendly,Unknown,Neutral,Friendly,Enemy,Neutral,Unknown,Enemy,Ally,Neutral,Unknown,Ally,Neutral,Unknown,Friendly,Friendly,Suspicion,Suspicion,Neutral,Neutral,Neutral,Neutral,Friendly,Neutral,Unknown,Friendly,Unknown,Suspicion,Enemy,Neutral,Enemy,Enemy,Neutral,Unknown,Suspicion,Suspicion,Friendly,Suspicion,Neutral,Friendly,Unknown,Enemy,Enemy,Suspicion,Enemy,Suspicion,Enemy,Enemy,Enemy,x
